time,x,y,z,image
15:03:27,0.0002899169921875,0.024627685546875,-0.9915008544921875,data/1_1503.jpg
15:03:30,0.0039520263671875,0.0303802490234375,-1.000091552734375,data/1_1503.jpg
15:03:33,-0.00115966796875,0.0303192138671875,-0.9991302490234375,data/1_1503.jpg
15:03:36,0.0032806396484375,0.0286102294921875,-1.0022430419921875,data/2_1503.jpg
15:03:39,0.0049591064453125,0.029083251953125,-1.006744384765625,data/2_1503.jpg
15:03:42,-0.0026397705078125,0.0276031494140625,-1.0055999755859375,data/2_1503.jpg
15:03:45,0.010040283203125,0.026275634765625,-1.008056640625,data/2_1503.jpg
15:03:49,0.001434326171875,0.0265960693359375,-1.005157470703125,data/3_1503.jpg
15:03:52,0.049774169921875,-0.849700927734375,-0.504119873046875,data/3_1503.jpg
15:03:55,-0.009674072265625,-0.877777099609375,-0.4911651611328125,data/3_1503.jpg
15:03:58,-0.010009765625,-0.88299560546875,-0.4855194091796875,data/4_1504.jpg
15:04:01,-0.0084381103515625,-0.880950927734375,-0.4727783203125,data/4_1504.jpg
15:04:05,-0.020294189453125,-0.9037322998046875,-0.46649169921875,data/4_1504.jpg
15:04:08,-0.010528564453125,-0.855712890625,-0.48333740234375,data/4_1504.jpg
15:04:56,0.013916015625,0.026092529296875,-1.0114288330078125,data/1_1505.jpg
15:04:59,0.0087738037109375,0.0352935791015625,-1.0035247802734375,data/1_1505.jpg
15:05:02,0.008575439453125,0.0265350341796875,-1.005279541015625,data/1_1505.jpg
15:05:05,0.002593994140625,0.03179931640625,-1.000457763671875,data/2_1505.jpg
15:05:08,0.0092315673828125,0.0303192138671875,-1.00640869140625,data/2_1505.jpg
15:05:11,0.007843017578125,0.02789306640625,-1.00543212890625,data/2_1505.jpg
15:05:14,0.0071868896484375,0.0304718017578125,-1.003021240234375,data/2_1505.jpg
15:05:18,0.00701904296875,0.0319366455078125,-1.0053863525390625,data/3_1505.jpg
15:05:21,0.006744384765625,0.03350830078125,-1.0045318603515625,data/3_1505.jpg
15:05:24,0.0067596435546875,0.0333099365234375,-1.002349853515625,data/3_1505.jpg
15:05:27,0.007568359375,0.032012939453125,-1.0027923583984375,data/4_1505.jpg
15:05:30,0.006561279296875,0.0302581787109375,-1.0029144287109375,data/4_1505.jpg
15:05:33,0.0065460205078125,0.03289794921875,-1.00335693359375,data/4_1505.jpg
15:05:36,0.0071563720703125,0.0302276611328125,-1.0015411376953125,data/4_1505.jpg
15:05:39,0.00872802734375,0.0365447998046875,-1.0040130615234375,data/5_1505.jpg
15:05:42,0.01043701171875,0.0309600830078125,-1.00927734375,data/5_1505.jpg
15:05:45,0.0066375732421875,0.0295562744140625,-1.001861572265625,data/5_1505.jpg
15:05:48,0.0056915283203125,0.0314788818359375,-1.00201416015625,data/5_1505.jpg
15:05:52,0.008575439453125,0.029571533203125,-1.0032501220703125,data/6_1505.jpg
15:05:55,0.0074005126953125,0.02935791015625,-1.003936767578125,data/6_1505.jpg
15:05:58,0.006500244140625,0.0317230224609375,-1.004730224609375,data/6_1505.jpg
15:06:01,0.0163421630859375,0.0255126953125,-1.01837158203125,data/7_1506.jpg
15:06:04,0.0038909912109375,0.0302276611328125,-1.010223388671875,data/7_1506.jpg
15:06:07,0.0048065185546875,0.0284881591796875,-1.0037384033203125,data/7_1506.jpg
15:06:10,0.0071563720703125,0.0315093994140625,-1.0060577392578125,data/7_1506.jpg
15:06:13,0.007476806640625,0.0287017822265625,-1.0039520263671875,data/8_1506.jpg
15:06:16,0.0076446533203125,0.031494140625,-1.0037078857421875,data/8_1506.jpg
15:06:19,0.008148193359375,0.0339813232421875,-1.002105712890625,data/8_1506.jpg
15:06:22,0.006591796875,0.0359344482421875,-1.0017242431640625,data/8_1506.jpg
15:06:26,0.006500244140625,0.0295562744140625,-1.0038299560546875,data/9_1506.jpg
15:06:29,0.0089874267578125,0.030548095703125,-0.9997406005859375,data/9_1506.jpg
15:06:32,0.00592041015625,0.0290679931640625,-1.0016632080078125,data/9_1506.jpg
15:06:35,0.007080078125,0.0330963134765625,-1.0037078857421875,data/10_1506.jpg
15:06:38,0.00732421875,0.0304107666015625,-1.0056610107421875,data/10_1506.jpg
15:06:41,0.0097198486328125,0.0306549072265625,-1.008056640625,data/10_1506.jpg
15:06:44,0.00579833984375,0.0323486328125,-1.0016021728515625,data/10_1506.jpg
15:06:47,0.01385498046875,0.0266571044921875,-1.0090789794921875,data/11_1506.jpg
15:06:50,0.0016326904296875,0.03424072265625,-0.996490478515625,data/11_1506.jpg
15:06:53,0.003997802734375,0.028778076171875,-1.0008544921875,data/11_1506.jpg
15:06:56,0.007049560546875,0.034881591796875,-0.99652099609375,data/11_1506.jpg
15:07:00,0.009185791015625,0.028961181640625,-1.009033203125,data/12_1507.jpg
15:07:03,0.00665283203125,0.0319976806640625,-1.005096435546875,data/12_1507.jpg
15:07:06,0.0098114013671875,0.0329437255859375,-1.00665283203125,data/12_1507.jpg
15:07:09,0.0066070556640625,0.0342254638671875,-1.000946044921875,data/13_1507.jpg
15:07:12,0.005126953125,0.0305938720703125,-1.0008087158203125,data/13_1507.jpg
15:07:15,0.0089263916015625,0.0252838134765625,-1.005859375,data/13_1507.jpg
15:07:18,0.006134033203125,0.0302581787109375,-1.003814697265625,data/13_1507.jpg
15:07:21,0.0047607421875,0.0355987548828125,-1.0009918212890625,data/14_1507.jpg
15:07:24,0.005401611328125,0.0298004150390625,-1.004791259765625,data/14_1507.jpg
15:07:27,0.0082855224609375,0.0299835205078125,-1.0029296875,data/14_1507.jpg
15:07:31,0.0046234130859375,0.03436279296875,-1.0048370361328125,data/14_1507.jpg
15:07:34,0.0055389404296875,0.0287933349609375,-1.0008544921875,data/15_1507.jpg
15:07:37,0.0061798095703125,0.0294342041015625,-1.0016021728515625,data/15_1507.jpg
15:07:40,0.014007568359375,0.0272674560546875,-1.0156707763671875,data/15_1507.jpg
15:07:43,0.0064697265625,0.0346221923828125,-0.9998321533203125,data/16_1507.jpg
15:07:46,-0.013702392578125,0.0244140625,-1.0415191650390625,data/16_1507.jpg
15:07:49,0.011932373046875,0.0565185546875,-0.983428955078125,data/16_1507.jpg
15:07:52,0.017425537109375,0.0357513427734375,-1.0097808837890625,data/16_1507.jpg
15:07:55,0.014373779296875,0.0290069580078125,-1.0090789794921875,data/17_1508.jpg
15:07:58,0.00830078125,0.0298004150390625,-1.0057830810546875,data/17_1508.jpg
15:08:01,0.0047760009765625,0.0323638916015625,-1.0015106201171875,data/17_1508.jpg
15:08:05,0.0059051513671875,0.0311126708984375,-1.0027008056640625,data/17_1508.jpg
15:08:08,0.0079345703125,0.0319061279296875,-1.0041351318359375,data/18_1508.jpg
15:08:11,0.0118560791015625,0.0328216552734375,-1.0149078369140625,data/18_1508.jpg
15:08:14,0.0072479248046875,0.0345611572265625,-1.008392333984375,data/18_1508.jpg
15:08:17,0.004852294921875,0.032073974609375,-1.001556396484375,data/18_1508.jpg
15:08:20,0.009063720703125,0.0352630615234375,-1.0043792724609375,data/19_1508.jpg
15:08:23,0.00311279296875,0.0341644287109375,-1.0008392333984375,data/19_1508.jpg
15:08:26,0.00909423828125,0.0374755859375,-1.00177001953125,data/19_1508.jpg
15:08:29,0.0180206298828125,0.027374267578125,-1.0122833251953125,data/20_1508.jpg
15:08:32,0.00384521484375,0.0319366455078125,-1.0044097900390625,data/20_1508.jpg
15:08:35,0.0043792724609375,0.0326080322265625,-1.0034637451171875,data/20_1508.jpg
15:08:39,0.0016326904296875,0.02667236328125,-1.003997802734375,data/20_1508.jpg
15:08:42,0.0104522705078125,0.0396270751953125,-1.0025482177734375,data/21_1508.jpg
15:08:45,0.0233154296875,0.036590576171875,-1.0313720703125,data/21_1508.jpg
15:08:48,0.0115203857421875,0.0171051025390625,-1.0032196044921875,data/21_1508.jpg
15:08:51,0.010833740234375,0.02362060546875,-1.005340576171875,data/21_1508.jpg
15:08:54,0.01708984375,0.0376739501953125,-1.009979248046875,data/22_1509.jpg
15:08:57,0.014312744140625,0.032958984375,-1.0098724365234375,data/22_1509.jpg
15:09:00,-0.00177001953125,0.0339508056640625,-0.9951629638671875,data/22_1509.jpg
15:09:03,0.00042724609375,0.0187225341796875,-1.0180511474609375,data/23_1509.jpg
15:09:06,0.0050811767578125,0.024993896484375,-1.0037841796875,data/23_1509.jpg
15:09:09,0.0088958740234375,0.0214385986328125,-1.0077667236328125,data/23_1509.jpg
15:09:13,0.0139312744140625,0.0311431884765625,-1.0090484619140625,data/24_1509.jpg
15:09:16,0.011871337890625,0.0277862548828125,-1.0190887451171875,data/24_1509.jpg
15:09:19,0.01220703125,0.03497314453125,-1.0081329345703125,data/24_1509.jpg
15:09:22,0.002777099609375,0.0346527099609375,-1.0000457763671875,data/24_1509.jpg
15:09:25,0.0047149658203125,0.030517578125,-1.00701904296875,data/25_1509.jpg
15:09:28,0.008270263671875,0.031341552734375,-1.0032806396484375,data/25_1509.jpg
15:09:31,0.0106201171875,0.0322113037109375,-1.0052642822265625,data/25_1509.jpg
15:09:34,0.0074615478515625,0.032257080078125,-1.003997802734375,data/25_1509.jpg
15:09:37,0.005859375,0.0309295654296875,-1.003265380859375,data/26_1509.jpg
15:09:40,0.0110015869140625,0.028839111328125,-1.0077972412109375,data/26_1509.jpg
15:09:43,0.0195465087890625,0.0271453857421875,-1.009490966796875,data/26_1509.jpg
15:09:47,0.003204345703125,0.0304412841796875,-1.0002288818359375,data/27_1509.jpg
15:09:50,0.01324462890625,0.03692626953125,-1.0041656494140625,data/27_1509.jpg
15:09:53,0.0057220458984375,0.029571533203125,-1.002349853515625,data/27_1509.jpg
15:09:56,0.0002288818359375,0.0310516357421875,-1.0008697509765625,data/28_1510.jpg
15:09:59,0.0067596435546875,0.033172607421875,-0.999603271484375,data/28_1510.jpg
15:10:02,-0.00244140625,0.032989501953125,-0.99871826171875,data/28_1510.jpg
15:10:05,-0.0053253173828125,0.0355072021484375,-0.9866943359375,data/28_1510.jpg
15:10:08,0.007720947265625,0.0312652587890625,-1.02557373046875,data/29_1510.jpg
15:10:11,0.023834228515625,0.0085296630859375,-0.9866943359375,data/29_1510.jpg
15:10:14,0.0047454833984375,0.0275421142578125,-1.0028839111328125,data/29_1510.jpg
15:10:17,0.013458251953125,0.023590087890625,-1.0184478759765625,data/29_1510.jpg
15:10:21,0.011199951171875,0.0258636474609375,-1.0078887939453125,data/30_1510.jpg
15:10:24,0.0033416748046875,0.022125244140625,-1.0086212158203125,data/30_1510.jpg
15:10:27,0.0041656494140625,0.0208740234375,-1.0011138916015625,data/30_1510.jpg
15:10:30,0.00531005859375,0.0294952392578125,-0.9990997314453125,data/31_1510.jpg
15:10:33,0.0074615478515625,0.033599853515625,-1.005889892578125,data/31_1510.jpg
15:10:36,0.005950927734375,0.028839111328125,-1.0023345947265625,data/31_1510.jpg
15:10:39,0.0095367431640625,0.0327301025390625,-1.018463134765625,data/32_1510.jpg
15:10:42,0.00799560546875,0.0267333984375,-1.0050048828125,data/32_1510.jpg
15:10:45,0.0037994384765625,0.0313720703125,-1.001861572265625,data/32_1510.jpg
15:10:48,0.00653076171875,0.03271484375,-1.001708984375,data/32_1510.jpg
15:10:52,0.0088348388671875,0.0313568115234375,-1.006378173828125,data/33_1511.jpg
15:10:55,0.00238037109375,0.034423828125,-1.000732421875,data/33_1511.jpg
15:10:58,0.0059356689453125,0.0374908447265625,-0.9860687255859375,data/33_1511.jpg
15:11:01,0.0102996826171875,0.0335845947265625,-1.0048065185546875,data/33_1511.jpg
15:11:04,0.006683349609375,0.0309295654296875,-1.0020294189453125,data/34_1511.jpg
15:11:07,-0.007598876953125,0.0320587158203125,-0.9909515380859375,data/34_1511.jpg
15:11:10,0.0113983154296875,0.028045654296875,-1.012847900390625,data/34_1511.jpg
15:11:16,0.0037841796875,0.0328369140625,-1.0020294189453125,data/35_1511.jpg
15:11:19,0.0068817138671875,0.0323333740234375,-1.002197265625,data/35_1511.jpg
15:11:22,0.0093536376953125,0.0341949462890625,-1.004119873046875,data/35_1511.jpg
15:11:26,0.005828857421875,0.0330047607421875,-1.00274658203125,data/36_1511.jpg
15:11:29,0.0080718994140625,0.0311279296875,-1.0041046142578125,data/36_1511.jpg
15:11:32,0.006072998046875,0.035308837890625,-0.9994964599609375,data/36_1511.jpg
15:11:35,0.00811767578125,0.032318115234375,-1.0059661865234375,data/36_1511.jpg
15:11:38,0.01171875,0.032867431640625,-1.006744384765625,data/37_1511.jpg
15:11:41,0.00396728515625,0.0318450927734375,-1.0026397705078125,data/37_1511.jpg
15:11:44,0.00146484375,0.0345916748046875,-0.9993896484375,data/37_1511.jpg
15:11:47,0.009735107421875,0.031951904296875,-1.0065460205078125,data/37_1511.jpg
15:11:50,0.0184478759765625,0.03594970703125,-1.0187835693359375,data/38_1511.jpg
15:11:53,-0.0090789794921875,0.03399658203125,-0.9847564697265625,data/38_1511.jpg
15:11:56,0.017669677734375,0.0336456298828125,-1.009918212890625,data/38_1511.jpg
15:12:00,0.012176513671875,0.02471923828125,-0.9958038330078125,data/39_1512.jpg
15:12:03,0.0031585693359375,0.0240478515625,-1.0044708251953125,data/39_1512.jpg
15:12:06,0.0358734130859375,0.0296173095703125,-1.0267486572265625,data/39_1512.jpg
15:12:09,0.0082855224609375,0.0307769775390625,-0.9965972900390625,data/40_1512.jpg
15:12:12,0.0006866455078125,0.037109375,-0.994659423828125,data/40_1512.jpg
15:12:15,0.0036468505859375,0.0281524658203125,-1.0034027099609375,data/40_1512.jpg
15:12:18,0.0081787109375,0.03106689453125,-1.0042724609375,data/40_1512.jpg
15:12:21,0.00457763671875,0.0311737060546875,-0.9983673095703125,data/41_1512.jpg
15:12:24,0.0090484619140625,0.030609130859375,-1.00714111328125,data/41_1512.jpg
15:12:27,0.00653076171875,0.0326690673828125,-1.0007781982421875,data/41_1512.jpg
15:12:30,0.0007781982421875,0.0302276611328125,-0.9950103759765625,data/42_1512.jpg
15:12:34,0.0016937255859375,0.0374755859375,-0.9999847412109375,data/42_1512.jpg
15:12:37,0.0059814453125,0.029937744140625,-1.0045623779296875,data/42_1512.jpg
15:12:40,0.014190673828125,0.025054931640625,-1.0108795166015625,data/42_1512.jpg
15:12:43,0.021240234375,0.0355987548828125,-1.0164642333984375,data/43_1512.jpg
15:12:46,0.012664794921875,0.0284271240234375,-1.0097198486328125,data/43_1512.jpg
15:12:49,0.0107269287109375,0.0245208740234375,-1.008056640625,data/43_1512.jpg
15:12:52,0.0001373291015625,0.0287322998046875,-1.001800537109375,data/43_1512.jpg
15:12:55,0.0108184814453125,0.0266876220703125,-1.0081787109375,data/44_1513.jpg
15:12:58,0.006805419921875,0.0379486083984375,-1.0085906982421875,data/44_1513.jpg
15:13:01,-0.0028228759765625,0.027099609375,-0.9956817626953125,data/44_1513.jpg
15:13:05,0.0107574462890625,0.03485107421875,-1.0050811767578125,data/45_1513.jpg
15:13:08,0.008026123046875,0.034698486328125,-1.002655029296875,data/45_1513.jpg
15:13:11,0.014007568359375,0.0305633544921875,-1.0092620849609375,data/45_1513.jpg
15:13:14,0.0109100341796875,0.032745361328125,-1.0070343017578125,data/45_1513.jpg
15:13:17,0.0080718994140625,0.0329132080078125,-1.0076904296875,data/46_1513.jpg
15:13:20,0.01153564453125,0.0279388427734375,-1.0021514892578125,data/46_1513.jpg
15:13:23,-0.0002899169921875,0.0277557373046875,-1.009490966796875,data/46_1513.jpg
15:13:26,0.001007080078125,0.0303497314453125,-1.0055694580078125,data/46_1513.jpg
15:13:29,0.0066680908203125,0.03131103515625,-0.99835205078125,data/47_1513.jpg
15:13:32,0.0126190185546875,0.0324249267578125,-1.0032196044921875,data/47_1513.jpg
15:13:35,0.0046539306640625,0.031585693359375,-1.00537109375,data/47_1513.jpg
15:13:39,0.0267486572265625,0.0360565185546875,-1.0023651123046875,data/48_1513.jpg
15:13:43,0.024658203125,0.0315093994140625,-1.004302978515625,data/48_1513.jpg
15:13:46,0.0086669921875,0.0252685546875,-1.0172882080078125,data/48_1513.jpg
15:13:49,0.0138702392578125,0.030364990234375,-0.993743896484375,data/48_1513.jpg
15:13:52,0.005401611328125,0.0322113037109375,-1.00689697265625,data/49_1514.jpg
15:13:55,0.0086669921875,0.0272064208984375,-1.000152587890625,data/49_1514.jpg
15:13:58,0.010406494140625,0.0323028564453125,-1.0032958984375,data/49_1514.jpg
15:14:01,0.0162353515625,0.044189453125,-0.988311767578125,data/49_1514.jpg
15:14:04,0.0073394775390625,0.0216522216796875,-1.022491455078125,data/50_1514.jpg
15:14:07,0.01513671875,0.03125,-1.0048675537109375,data/50_1514.jpg
15:14:10,0.0036468505859375,0.027496337890625,-0.9941558837890625,data/50_1514.jpg
15:14:14,0.0176239013671875,0.0349578857421875,-0.995758056640625,data/51_1514.jpg
15:14:17,0.010162353515625,0.0287017822265625,-1.007965087890625,data/51_1514.jpg
15:14:20,0.0041961669921875,0.0301971435546875,-1.005126953125,data/51_1514.jpg
15:14:23,0.006927490234375,0.0344390869140625,-0.9945831298828125,data/51_1514.jpg
15:14:26,0.0019989013671875,0.0322265625,-1.0084686279296875,data/52_1514.jpg
15:14:29,0.004974365234375,0.028594970703125,-1.001007080078125,data/52_1514.jpg
15:14:32,0.013031005859375,0.0330657958984375,-0.999786376953125,data/52_1514.jpg
15:14:35,0.0050811767578125,0.026519775390625,-1.010223388671875,data/52_1514.jpg
15:14:38,0.0063629150390625,0.031219482421875,-1.0062255859375,data/53_1514.jpg
15:14:41,0.001953125,0.033233642578125,-1.00115966796875,data/53_1514.jpg
15:14:45,0.0054931640625,0.0280914306640625,-0.9979705810546875,data/53_1514.jpg
15:14:48,0.0015869140625,0.02386474609375,-1.0074005126953125,data/54_1514.jpg
15:14:51,0.009124755859375,0.035308837890625,-0.9986419677734375,data/54_1514.jpg
15:14:54,-0.000396728515625,0.0326385498046875,-1.0037078857421875,data/54_1514.jpg
15:14:57,0.0100250244140625,0.03759765625,-0.9871978759765625,data/54_1514.jpg
15:15:00,0.0019073486328125,0.0303802490234375,-1.0074462890625,data/55_1515.jpg
15:15:03,-0.0053558349609375,0.0207672119140625,-0.9982147216796875,data/55_1515.jpg
15:15:06,0.0088348388671875,0.027099609375,-0.9933319091796875,data/55_1515.jpg
15:15:09,0.0045166015625,0.0252685546875,-1.003326416015625,data/55_1515.jpg
15:15:12,0.008514404296875,0.033599853515625,-1.00323486328125,data/56_1515.jpg
15:15:15,0.005767822265625,0.0308990478515625,-1.0040740966796875,data/56_1515.jpg
15:15:19,0.007843017578125,0.0285186767578125,-1.00286865234375,data/56_1515.jpg
15:15:22,0.0083160400390625,0.0290374755859375,-1.0021820068359375,data/57_1515.jpg
15:15:25,0.0050048828125,0.0321044921875,-1.0013580322265625,data/57_1515.jpg
15:15:28,0.0063629150390625,0.0228729248046875,-1.0028228759765625,data/57_1515.jpg
15:15:31,0.0251922607421875,0.0355987548828125,-1.0048828125,data/57_1515.jpg
15:15:34,0.0048065185546875,0.020782470703125,-0.9897918701171875,data/58_1515.jpg
15:15:37,-0.0101470947265625,0.0328826904296875,-1.0031585693359375,data/58_1515.jpg
15:15:40,0.0150299072265625,0.03753662109375,-1.0503082275390625,data/58_1515.jpg
15:15:43,0.010986328125,0.025970458984375,-1.0286102294921875,data/58_1515.jpg
15:15:46,0.007965087890625,0.0337677001953125,-1.018585205078125,data/59_1515.jpg
15:15:49,0.011199951171875,0.0327911376953125,-1.004119873046875,data/59_1515.jpg
15:15:53,0.014190673828125,0.032379150390625,-0.9950103759765625,data/59_1515.jpg
15:15:56,0.00335693359375,0.0329437255859375,-1.005950927734375,data/59_1515.jpg
15:15:59,0.00616455078125,0.034820556640625,-0.998992919921875,data/60_1516.jpg
15:16:02,0.009185791015625,0.029998779296875,-1.001922607421875,data/60_1516.jpg
15:16:05,0.0002899169921875,0.0293731689453125,-1.0084686279296875,data/60_1516.jpg
15:16:08,0.01116943359375,0.02667236328125,-1.0026092529296875,data/61_1516.jpg
15:16:11,0.005279541015625,0.028106689453125,-1.0059967041015625,data/61_1516.jpg
15:16:14,0.00860595703125,0.0279541015625,-1.005462646484375,data/61_1516.jpg
15:16:17,0.005767822265625,0.032684326171875,-1.0045166015625,data/61_1516.jpg
15:16:20,0.0101318359375,0.027099609375,-1.003082275390625,data/62_1516.jpg
15:16:23,-0.00982666015625,0.0268096923828125,-0.995849609375,data/62_1516.jpg
15:16:27,0.015350341796875,0.0290679931640625,-0.9837188720703125,data/62_1516.jpg
15:16:30,0.0055389404296875,0.0281524658203125,-1.007843017578125,data/62_1516.jpg
15:16:33,-0.0018768310546875,0.0303497314453125,-1.002593994140625,data/63_1516.jpg
15:16:36,0.006500244140625,0.0047454833984375,-1.0001220703125,data/63_1516.jpg
15:16:39,0.01495361328125,0.0286407470703125,-1.0068206787109375,data/63_1516.jpg
15:16:42,0.0097808837890625,0.0347137451171875,-1.0247650146484375,data/64_1516.jpg
15:16:45,0.001983642578125,0.03216552734375,-1.00311279296875,data/64_1516.jpg
15:16:48,0.0052490234375,0.024383544921875,-1.00103759765625,data/64_1516.jpg
15:16:51,0.0023345947265625,0.0306854248046875,-1.001068115234375,data/64_1516.jpg
15:16:54,0.0024261474609375,0.0472259521484375,-0.9970855712890625,data/65_1517.jpg
15:16:57,0.0094146728515625,0.0345916748046875,-0.9957427978515625,data/65_1517.jpg
15:17:01,0.007781982421875,0.026885986328125,-1.0104522705078125,data/65_1517.jpg
15:17:04,0.02581787109375,0.0223846435546875,-1.0141754150390625,data/65_1517.jpg
15:17:07,0.0115966796875,0.03912353515625,-1.0201568603515625,data/66_1517.jpg
15:17:10,0.0096588134765625,0.031158447265625,-1.007110595703125,data/66_1517.jpg
15:17:13,0.003936767578125,0.038665771484375,-1.0094451904296875,data/66_1517.jpg
15:17:16,0.007965087890625,0.0417633056640625,-1.002655029296875,data/66_1517.jpg
15:17:19,0.00933837890625,0.0300140380859375,-1.0048370361328125,data/67_1517.jpg
15:17:22,0.0090484619140625,0.028106689453125,-1.0049285888671875,data/67_1517.jpg
15:17:25,0.0075225830078125,0.028533935546875,-1.0044097900390625,data/67_1517.jpg
15:17:28,0.0080108642578125,0.0297698974609375,-1.004486083984375,data/68_1517.jpg
15:17:31,0.009124755859375,0.029052734375,-1.0045318603515625,data/68_1517.jpg
15:17:35,0.010223388671875,0.0285797119140625,-1.005462646484375,data/68_1517.jpg
15:17:38,0.0109710693359375,0.0291595458984375,-1.0081634521484375,data/68_1517.jpg
15:17:41,0.010650634765625,0.0289459228515625,-1.0066375732421875,data/69_1517.jpg
15:17:44,0.0115814208984375,0.033782958984375,-1.005096435546875,data/69_1517.jpg
15:17:47,0.00030517578125,0.0306396484375,-1.0028228759765625,data/69_1517.jpg
15:17:50,0.002197265625,0.02728271484375,-0.998504638671875,data/69_1517.jpg
15:17:53,0.0051116943359375,0.0305633544921875,-0.9977569580078125,data/70_1518.jpg
15:17:56,0.0074005126953125,0.03216552734375,-1.001739501953125,data/70_1518.jpg
15:17:59,0.0070343017578125,0.009033203125,-1.0047454833984375,data/70_1518.jpg
15:18:02,-0.002288818359375,0.0261383056640625,-1.0019073486328125,data/71_1518.jpg
15:18:05,0.0078887939453125,0.028167724609375,-1.0001678466796875,data/71_1518.jpg
15:18:09,0.0085296630859375,0.03314208984375,-1.0023956298828125,data/71_1518.jpg
15:18:12,0.0123291015625,0.0289306640625,-1.0047760009765625,data/71_1518.jpg
15:18:15,0.0050048828125,0.0310821533203125,-1.01092529296875,data/72_1518.jpg
15:18:18,0.0078277587890625,0.035858154296875,-1.0012054443359375,data/72_1518.jpg
15:18:21,0.0082550048828125,0.0307769775390625,-1.0040435791015625,data/72_1518.jpg
15:18:24,0.00848388671875,0.0337677001953125,-1.005523681640625,data/72_1518.jpg
15:18:27,0.0059661865234375,0.028533935546875,-1.0045318603515625,data/73_1518.jpg
15:18:30,0.0059967041015625,0.02734375,-1.00262451171875,data/73_1518.jpg
15:18:33,0.008026123046875,0.0283203125,-1.0046234130859375,data/73_1518.jpg
15:18:36,0.0065155029296875,0.0311431884765625,-1.00616455078125,data/74_1518.jpg
15:18:40,0.00390625,0.0283050537109375,-1.006195068359375,data/74_1518.jpg
15:18:43,0.0090484619140625,0.030670166015625,-0.9989776611328125,data/74_1518.jpg
15:18:46,0.0100250244140625,0.0307159423828125,-1.0027008056640625,data/74_1518.jpg
15:18:49,0.0103912353515625,0.03045654296875,-1.0049591064453125,data/75_1518.jpg
15:18:52,0.010040283203125,0.026641845703125,-1.0009613037109375,data/75_1518.jpg
15:18:55,0.0087127685546875,0.031036376953125,-1.0043487548828125,data/75_1518.jpg
15:18:58,0.006378173828125,0.028076171875,-1.002227783203125,data/75_1518.jpg
15:19:01,0.0081787109375,0.0300445556640625,-1.005157470703125,data/76_1519.jpg
15:19:04,0.0086517333984375,0.0284576416015625,-1.0050201416015625,data/76_1519.jpg
15:19:07,0.00750732421875,0.02947998046875,-1.0059356689453125,data/76_1519.jpg
15:19:10,0.0078125,0.0294036865234375,-1.004058837890625,data/76_1519.jpg
15:19:14,0.0121307373046875,0.03179931640625,-1.006072998046875,data/77_1519.jpg
15:19:17,0.0017852783203125,0.030914306640625,-1.0066680908203125,data/77_1519.jpg
15:19:20,0.0084228515625,0.029510498046875,-1.0029144287109375,data/77_1519.jpg
15:19:23,0.0083770751953125,0.0259246826171875,-1.0048828125,data/78_1519.jpg
15:19:26,0.01123046875,0.036712646484375,-1.006195068359375,data/78_1519.jpg
15:19:29,0.0050201416015625,0.037200927734375,-1.002838134765625,data/78_1519.jpg
15:19:32,0.009307861328125,0.0331573486328125,-1.0008544921875,data/78_1519.jpg
15:19:35,0.0140228271484375,0.029510498046875,-1.0027618408203125,data/79_1519.jpg
15:19:38,0.006500244140625,0.0317230224609375,-1.00750732421875,data/79_1519.jpg
15:19:41,0.0090179443359375,0.03375244140625,-0.996246337890625,data/79_1519.jpg
15:19:44,0.00244140625,0.023712158203125,-1.0171051025390625,data/79_1519.jpg
15:19:48,0.002655029296875,0.027587890625,-1.0060882568359375,data/80_1519.jpg
15:19:51,0.00714111328125,0.03106689453125,-0.9963836669921875,data/80_1519.jpg
15:19:54,0.005279541015625,0.0367279052734375,-1.0035247802734375,data/80_1519.jpg
15:19:57,0.0025482177734375,0.03155517578125,-0.9988555908203125,data/81_1520.jpg
15:20:00,0.0081024169921875,0.0291290283203125,-0.9962310791015625,data/81_1520.jpg
15:20:03,0.0075531005859375,0.0286102294921875,-1.0025787353515625,data/81_1520.jpg
15:20:06,0.0112762451171875,0.03057861328125,-1.002349853515625,data/81_1520.jpg
15:20:09,0.0062713623046875,0.0287322998046875,-1.008544921875,data/82_1520.jpg
15:20:14,0.0040740966796875,0.0308837890625,-1.00091552734375,data/82_1520.jpg
15:20:17,0.0066070556640625,0.029876708984375,-1.0015869140625,data/82_1520.jpg
15:20:21,0.00836181640625,0.03289794921875,-1.004791259765625,data/83_1520.jpg
15:20:24,0.008087158203125,0.028778076171875,-1.00457763671875,data/83_1520.jpg
15:20:27,0.01031494140625,0.032318115234375,-1.00262451171875,data/83_1520.jpg
15:20:30,0.0162506103515625,0.0325469970703125,-1.0055389404296875,data/84_1520.jpg
15:20:33,0.01031494140625,0.020111083984375,-1.0076446533203125,data/84_1520.jpg
15:20:36,0.0076751708984375,0.02978515625,-1.0060882568359375,data/84_1520.jpg
15:20:39,0.0052642822265625,0.0292205810546875,-1.0025787353515625,data/84_1520.jpg
15:20:42,0.0123138427734375,0.0306854248046875,-0.9991302490234375,data/85_1520.jpg
15:20:45,0.0046539306640625,0.0274810791015625,-1.0018768310546875,data/85_1520.jpg
15:20:48,0.0048370361328125,0.0291748046875,-1.00067138671875,data/85_1520.jpg
15:20:51,0.008331298828125,0.0271453857421875,-1.00042724609375,data/85_1520.jpg
15:20:55,0.0134429931640625,0.027130126953125,-0.999420166015625,data/86_1521.jpg
15:20:58,0.0096282958984375,0.029205322265625,-1.0080108642578125,data/86_1521.jpg
15:21:01,0.008819580078125,0.034912109375,-1.005462646484375,data/86_1521.jpg
15:21:04,0.0357513427734375,0.0338134765625,-1.003662109375,data/87_1521.jpg
15:21:07,0.025299072265625,0.0292510986328125,-1.0261993408203125,data/87_1521.jpg
15:21:10,0.0043182373046875,0.031524658203125,-1.015960693359375,data/87_1521.jpg
15:21:13,0.0041656494140625,0.0339508056640625,-0.998382568359375,data/87_1521.jpg
15:21:16,0.0068817138671875,0.0336151123046875,-1.0009613037109375,data/88_1521.jpg
15:21:19,0.0050506591796875,0.0272979736328125,-1.00244140625,data/88_1521.jpg
15:21:22,0.008209228515625,0.031524658203125,-1.00311279296875,data/88_1521.jpg
15:21:25,0.007171630859375,0.0293731689453125,-1.0049285888671875,data/88_1521.jpg
15:21:29,0.0078277587890625,0.0295257568359375,-1.0054473876953125,data/89_1521.jpg
15:21:32,0.0091400146484375,0.0312957763671875,-1.00372314453125,data/89_1521.jpg
15:21:35,0.0160064697265625,0.02978515625,-1.0046234130859375,data/89_1521.jpg
15:21:38,0.0151519775390625,0.0274810791015625,-1.01214599609375,data/89_1521.jpg
15:21:41,0.0068817138671875,0.0326690673828125,-1.00677490234375,data/90_1521.jpg
15:21:44,0.0083160400390625,0.0338287353515625,-1.0040130615234375,data/90_1521.jpg
15:21:47,0.005035400390625,0.0319366455078125,-1.004150390625,data/90_1521.jpg
15:21:50,0.0101470947265625,0.0298919677734375,-1.0035400390625,data/91_1522.jpg
15:21:53,0.013519287109375,0.03302001953125,-1.007232666015625,data/91_1522.jpg
15:21:56,0.0064544677734375,0.031158447265625,-1.0096282958984375,data/91_1522.jpg
15:21:59,0.00286865234375,0.0197296142578125,-1.001617431640625,data/91_1522.jpg
15:22:03,0.0055694580078125,0.0218505859375,-1.0059356689453125,data/92_1522.jpg
15:22:06,0.00830078125,0.0307464599609375,-1.004791259765625,data/92_1522.jpg
15:22:09,0.0005950927734375,0.030914306640625,-1.0062713623046875,data/92_1522.jpg
15:22:12,0.0126190185546875,0.0106048583984375,-1.0011138916015625,data/92_1522.jpg
15:22:15,0.0090484619140625,0.0276031494140625,-1.0123291015625,data/93_1522.jpg
15:22:18,0.01507568359375,0.038421630859375,-1.0031280517578125,data/93_1522.jpg
15:22:21,0.00518798828125,0.0213775634765625,-1.009613037109375,data/93_1522.jpg
15:22:24,0.009185791015625,0.0231170654296875,-0.9961395263671875,data/94_1522.jpg
15:22:27,0.009368896484375,0.028350830078125,-1.002410888671875,data/94_1522.jpg
15:22:30,0.010223388671875,0.03228759765625,-1.006256103515625,data/94_1522.jpg
15:22:34,0.0084075927734375,0.0323028564453125,-1.0053253173828125,data/94_1522.jpg
15:22:37,0.0080108642578125,0.0312347412109375,-1.0040283203125,data/95_1522.jpg
15:22:40,0.0075836181640625,0.030029296875,-1.00299072265625,data/95_1522.jpg
15:22:43,0.004486083984375,0.0400390625,-0.99786376953125,data/95_1522.jpg
15:22:46,0.00750732421875,0.035003662109375,-1.0014495849609375,data/95_1522.jpg
15:22:49,0.008453369140625,0.0331878662109375,-1.00457763671875,data/96_1522.jpg
15:22:52,0.0042266845703125,0.0288543701171875,-1.008056640625,data/96_1522.jpg
15:22:55,0.009429931640625,0.0323638916015625,-1.0098419189453125,data/96_1522.jpg
15:22:58,0.010650634765625,0.0302734375,-1.007080078125,data/96_1522.jpg
15:23:01,0.0276336669921875,0.0327301025390625,-1.005584716796875,data/97_1523.jpg
15:23:04,0.0097808837890625,0.0148468017578125,-1.0135955810546875,data/97_1523.jpg
15:23:08,0.0134429931640625,0.016998291015625,-1.011566162109375,data/97_1523.jpg
15:23:35,-1.417755126953125,0.1769256591796875,0.5466766357421875,data/1_1523.jpg
15:23:38,-1.47100830078125,0.30462646484375,1.135894775390625,data/2_1523.jpg
15:23:41,-1.0508880615234375,0.506805419921875,1.6068267822265625,data/3_1523.jpg
15:23:44,-0.99310302734375,0.3435821533203125,0.7501220703125,data/4_1523.jpg
15:23:47,-1.093963623046875,0.1778564453125,0.699951171875,data/5_1523.jpg
15:23:50,-1.614837646484375,0.1243438720703125,0.292816162109375,data/6_1523.jpg
15:23:53,-0.778045654296875,0.3528594970703125,0.412078857421875,data/7_1523.jpg
15:23:57,-2.5229339599609375,1.1819610595703125,2.4396820068359375,data/8_1523.jpg
15:24:00,-2.684722900390625,0.4529571533203125,1.76953125,data/9_1524.jpg
15:24:03,-1.6680908203125,0.69903564453125,1.8852691650390625,data/10_1524.jpg
15:24:06,-2.487701416015625,0.4720306396484375,1.4954071044921875,data/11_1524.jpg
15:24:09,-2.5496826171875,-0.1822967529296875,0.9337158203125,data/12_1524.jpg
15:24:12,-2.3259735107421875,0.0784454345703125,0.907684326171875,data/13_1524.jpg
15:24:15,-1.636932373046875,0.010040283203125,0.6573333740234375,data/14_1524.jpg
15:24:18,-2.623260498046875,0.6951446533203125,1.28192138671875,data/15_1524.jpg
15:24:21,-2.0489349365234375,1.647369384765625,0.8117523193359375,data/16_1524.jpg
15:24:24,-2.3653106689453125,1.1593170166015625,0.94744873046875,data/17_1524.jpg
15:24:27,-2.1880340576171875,0.3141937255859375,1.095611572265625,data/18_1524.jpg
15:24:31,-2.5125732421875,0.44708251953125,-0.0577850341796875,data/19_1524.jpg
15:24:34,-1.2988739013671875,0.127288818359375,0.4983673095703125,data/20_1524.jpg
15:24:37,-1.6230316162109375,0.0772247314453125,0.953399658203125,data/21_1524.jpg
15:24:40,-1.6513214111328125,0.245635986328125,1.1378021240234375,data/22_1524.jpg
15:24:43,-1.12982177734375,0.3807525634765625,-0.0526885986328125,data/23_1524.jpg
15:24:46,-0.9280853271484375,0.1771240234375,0.033843994140625,data/24_1524.jpg
15:24:49,-0.249786376953125,0.0143585205078125,-0.26446533203125,data/25_1524.jpg
15:24:52,0.6885223388671875,-0.076080322265625,-0.7947235107421875,data/26_1524.jpg
15:24:55,1.024993896484375,0.1586761474609375,-0.1221160888671875,data/27_1524.jpg
15:24:58,0.5669097900390625,0.0666961669921875,-0.46075439453125,data/28_1524.jpg
15:25:01,-0.3791656494140625,0.1819915771484375,0.123016357421875,data/29_1525.jpg
15:25:05,-0.81121826171875,0.09820556640625,1.5932464599609375,data/30_1525.jpg
15:25:08,-1.4599151611328125,0.00244140625,0.3400115966796875,data/31_1525.jpg
15:25:11,-1.4592437744140625,0.156524658203125,0.6510009765625,data/32_1525.jpg
15:25:14,-1.4497222900390625,0.6789093017578125,0.480255126953125,data/33_1525.jpg
15:25:17,-1.89202880859375,0.790191650390625,0.673614501953125,data/34_1525.jpg
15:25:20,-2.261016845703125,0.0806884765625,0.3885955810546875,data/35_1525.jpg
15:25:23,-1.2743377685546875,0.2860870361328125,1.323394775390625,data/36_1525.jpg
15:25:26,-1.075439453125,0.9042816162109375,-0.0098876953125,data/37_1525.jpg
15:25:29,-0.8819122314453125,0.4094390869140625,0.07470703125,data/38_1525.jpg
15:25:32,-0.3318634033203125,0.3582611083984375,0.0313720703125,data/39_1525.jpg
15:25:35,0.52239990234375,0.3035736083984375,0.1627655029296875,data/40_1525.jpg
15:25:39,0.0975799560546875,-0.0738525390625,-0.3121795654296875,data/41_1525.jpg
15:25:42,0.647125244140625,-0.0229644775390625,-0.2321624755859375,data/42_1525.jpg
15:25:45,0.5453948974609375,-0.2096405029296875,0.0096588134765625,data/43_1525.jpg
15:25:48,0.4272918701171875,-0.1158599853515625,-0.3261566162109375,data/44_1525.jpg
15:25:51,0.80682373046875,0.070709228515625,-0.2538909912109375,data/45_1525.jpg
15:25:54,0.5088043212890625,0.0007171630859375,-0.0066070556640625,data/46_1525.jpg
15:25:57,0.1025848388671875,-0.2177886962890625,-0.2400054931640625,data/47_1525.jpg
15:26:00,0.01873779296875,0.167236328125,-0.6635284423828125,data/48_1526.jpg
15:26:03,0.0384063720703125,-0.1026153564453125,-0.438720703125,data/49_1526.jpg
15:26:06,0.1013031005859375,0.229095458984375,-0.44134521484375,data/50_1526.jpg
15:26:10,-0.3109893798828125,0.10833740234375,0.30743408203125,data/51_1526.jpg
15:26:13,-0.3192901611328125,0.22149658203125,0.04693603515625,data/52_1526.jpg
15:26:16,-0.6285400390625,0.1625518798828125,0.2940521240234375,data/53_1526.jpg
15:26:19,-0.87164306640625,0.1223907470703125,0.7448577880859375,data/54_1526.jpg
15:26:22,-0.998565673828125,0.1383056640625,0.5413818359375,data/55_1526.jpg
15:26:25,-1.035064697265625,0.13262939453125,0.357177734375,data/56_1526.jpg
15:26:28,-1.515655517578125,0.17633056640625,0.303619384765625,data/57_1526.jpg
15:26:31,-1.9376373291015625,0.1184234619140625,0.9004364013671875,data/58_1526.jpg
15:26:34,-1.9153900146484375,0.2041015625,1.75164794921875,data/59_1526.jpg
15:26:37,-2.184326171875,-0.1702117919921875,0.89068603515625,data/60_1526.jpg
15:26:40,-1.2971343994140625,0.08294677734375,1.01708984375,data/61_1526.jpg
15:26:44,-1.663421630859375,0.258575439453125,0.586761474609375,data/62_1526.jpg
15:26:47,-0.8694000244140625,0.11798095703125,0.38677978515625,data/63_1526.jpg
15:26:50,-0.0287933349609375,-0.00146484375,-0.132598876953125,data/64_1526.jpg
15:26:53,0.0109710693359375,-0.03570556640625,0.05560302734375,data/65_1526.jpg
15:26:56,0.0997772216796875,-0.309967041015625,-0.037689208984375,data/66_1526.jpg
15:26:59,0.45013427734375,-0.17620849609375,-0.1610870361328125,data/67_1526.jpg
15:27:02,0.575775146484375,-0.1652984619140625,-0.235687255859375,data/68_1527.jpg
15:27:05,1.014923095703125,0.276123046875,-0.2365264892578125,data/69_1527.jpg
15:27:08,-0.36138916015625,0.350860595703125,-0.1034698486328125,data/70_1527.jpg
15:27:11,-1.02801513671875,0.0475311279296875,-0.24761962890625,data/71_1527.jpg
15:27:14,-0.942413330078125,0.0241546630859375,0.3890838623046875,data/72_1527.jpg
15:27:18,-1.6296844482421875,-0.08721923828125,0.326568603515625,data/73_1527.jpg
15:27:21,-1.72540283203125,-0.1067962646484375,0.9935302734375,data/74_1527.jpg
15:27:24,-3.033477783203125,0.3751373291015625,2.090545654296875,data/75_1527.jpg
15:27:27,-2.1758575439453125,0.0625457763671875,1.0425567626953125,data/76_1527.jpg
15:27:30,-1.7964630126953125,0.1118621826171875,1.2267303466796875,data/77_1527.jpg
15:27:33,-1.0023193359375,0.14886474609375,0.6335906982421875,data/78_1527.jpg
15:27:36,-0.3760986328125,-0.036956787109375,0.3689422607421875,data/79_1527.jpg
15:27:39,0.5610198974609375,0.0148773193359375,-0.249725341796875,data/80_1527.jpg
15:27:42,0.743408203125,-0.0635986328125,-0.4820556640625,data/81_1527.jpg
15:27:45,0.2144317626953125,-0.453277587890625,-0.8087005615234375,data/82_1527.jpg
15:27:48,-0.696044921875,-0.8003387451171875,-0.45062255859375,data/83_1527.jpg
15:27:52,0.0406036376953125,0.04534912109375,-1.035308837890625,data/84_1527.jpg
15:27:55,0.0139923095703125,0.0247344970703125,-1.037628173828125,data/85_1527.jpg
15:27:58,0.1220550537109375,-0.72491455078125,-1.16455078125,data/86_1527.jpg
15:28:01,0.134765625,0.361602783203125,0.664886474609375,data/87_1528.jpg
15:28:04,0.15142822265625,-0.07867431640625,1.6923065185546875,data/88_1528.jpg
15:28:07,0.1969146728515625,0.045379638671875,1.37322998046875,data/89_1528.jpg
15:28:10,-0.53985595703125,-0.043487548828125,0.9664306640625,data/90_1528.jpg
15:28:13,-0.3031158447265625,-0.092041015625,0.13165283203125,data/91_1528.jpg
15:28:16,0.1492156982421875,0.064971923828125,-0.0552520751953125,data/92_1528.jpg
15:28:19,0.39215087890625,-0.2570343017578125,0.4051055908203125,data/93_1528.jpg
15:28:22,0.04864501953125,-0.176177978515625,0.1447296142578125,data/94_1528.jpg
15:28:26,-0.4059600830078125,-0.2456512451171875,0.1302947998046875,data/95_1528.jpg
15:28:29,-0.1960296630859375,-0.1719818115234375,-0.0757598876953125,data/96_1528.jpg
15:28:32,-0.1034698486328125,-0.1351776123046875,0.1262359619140625,data/97_1528.jpg
15:28:35,0.27020263671875,-0.1434326171875,0.54071044921875,data/98_1528.jpg
15:28:38,0.76141357421875,-0.270355224609375,0.9261474609375,data/99_1528.jpg
15:28:41,0.82525634765625,0.0992889404296875,1.7044830322265625,data/100_1528.jpg
15:28:44,1.0344696044921875,0.04022216796875,1.1736907958984375,data/101_1528.jpg
15:28:47,1.3969879150390625,0.2064666748046875,1.7254638671875,data/102_1528.jpg
15:28:50,0.5800018310546875,0.295989990234375,1.1444549560546875,data/103_1528.jpg
15:28:53,-0.188995361328125,0.171478271484375,0.847747802734375,data/104_1528.jpg
15:28:56,0.128631591796875,-0.0151824951171875,0.504913330078125,data/105_1528.jpg
15:29:00,-0.427337646484375,-0.1650390625,0.25970458984375,data/106_1529.jpg
15:29:03,-0.37384033203125,-0.150390625,0.2014312744140625,data/107_1529.jpg
15:29:06,0.04833984375,0.132354736328125,0.280364990234375,data/108_1529.jpg
15:29:09,0.1737213134765625,0.03466796875,0.4528656005859375,data/109_1529.jpg
15:29:12,0.805908203125,-0.1858367919921875,1.00970458984375,data/110_1529.jpg
15:29:15,0.744720458984375,0.12689208984375,1.856353759765625,data/111_1529.jpg
15:29:18,0.90325927734375,0.004669189453125,1.4092254638671875,data/112_1529.jpg
15:29:21,0.100372314453125,0.06304931640625,0.9827423095703125,data/113_1529.jpg
15:29:24,-0.2539215087890625,-0.2079315185546875,0.3446044921875,data/114_1529.jpg
15:29:27,0.1405029296875,-0.1761322021484375,0.901611328125,data/115_1529.jpg
15:29:31,0.9059295654296875,0.1295623779296875,1.5145721435546875,data/116_1529.jpg
15:29:34,0.0586395263671875,-0.1249847412109375,0.6825714111328125,data/117_1529.jpg
15:29:37,-0.27362060546875,-0.2086181640625,0.2824554443359375,data/118_1529.jpg
15:29:40,-0.3083343505859375,0.0208740234375,0.543975830078125,data/119_1529.jpg
15:29:43,0.5438079833984375,-0.4322357177734375,1.35626220703125,data/120_1529.jpg
15:29:46,0.4199981689453125,-0.1674652099609375,1.660247802734375,data/121_1529.jpg
15:29:49,0.2840728759765625,-0.20770263671875,0.800537109375,data/122_1529.jpg
15:29:52,-0.0292510986328125,-0.120880126953125,0.4423370361328125,data/123_1529.jpg
15:29:55,-0.5269622802734375,-0.1011962890625,0.39337158203125,data/124_1529.jpg
15:29:58,-0.259552001953125,-0.138946533203125,0.579315185546875,data/125_1529.jpg
15:30:01,0.762176513671875,-0.2193145751953125,1.423492431640625,data/126_1530.jpg
15:30:05,0.3490447998046875,-0.4507293701171875,2.4580230712890625,data/127_1530.jpg
15:30:08,0.0863189697265625,0.0554656982421875,1.025421142578125,data/128_1530.jpg
15:30:11,-0.314483642578125,-0.016326904296875,0.651702880859375,data/129_1530.jpg
15:30:14,-0.2718505859375,0.0663299560546875,0.699798583984375,data/130_1530.jpg
15:30:17,-0.024749755859375,-0.0622711181640625,0.4994964599609375,data/131_1530.jpg
15:30:20,0.118896484375,-0.201751708984375,-0.029083251953125,data/132_1530.jpg
15:30:23,-0.2970428466796875,-0.119415283203125,1.1434478759765625,data/133_1530.jpg
15:30:26,0.5489959716796875,-0.100982666015625,1.2566680908203125,data/134_1530.jpg
15:30:29,1.5206756591796875,0.2114105224609375,3.528411865234375,data/135_1530.jpg
15:30:32,1.0864105224609375,-0.0228271484375,3.2289581298828125,data/136_1530.jpg
15:30:35,0.356597900390625,-0.389862060546875,1.0989532470703125,data/137_1530.jpg
15:30:39,0.033935546875,-0.018707275390625,0.451019287109375,data/138_1530.jpg
15:30:42,0.1067352294921875,-0.10162353515625,0.4382171630859375,data/139_1530.jpg
15:30:45,-0.547088623046875,0.209625244140625,-0.00238037109375,data/140_1530.jpg
15:30:48,-0.1687164306640625,0.0384521484375,0.2522735595703125,data/141_1530.jpg
15:30:51,-0.065643310546875,-0.127349853515625,0.5631866455078125,data/142_1530.jpg
15:30:54,1.21630859375,-0.0937652587890625,0.511871337890625,data/143_1530.jpg
15:30:57,2.051513671875,0.08978271484375,0.1556854248046875,data/144_1530.jpg
15:31:00,0.529083251953125,0.2611846923828125,0.68939208984375,data/145_1531.jpg
15:31:03,-0.4014892578125,0.0081939697265625,0.1721038818359375,data/146_1531.jpg
15:31:06,-0.4136199951171875,0.0576019287109375,0.061798095703125,data/147_1531.jpg
15:31:09,-0.5925445556640625,-0.0880279541015625,0.20697021484375,data/148_1531.jpg
15:31:13,-0.2975616455078125,-0.016387939453125,0.1493988037109375,data/149_1531.jpg
15:31:16,0.560546875,-0.0305023193359375,0.5333404541015625,data/150_1531.jpg
15:31:19,1.099639892578125,-1.4446868896484375,1.3884735107421875,data/151_1531.jpg
15:31:22,1.4787750244140625,-1.191253662109375,1.6201171875,data/152_1531.jpg
15:31:25,0.8004302978515625,-0.437164306640625,1.0060882568359375,data/153_1531.jpg
15:31:28,-0.2066192626953125,0.2308197021484375,0.164215087890625,data/154_1531.jpg
15:31:31,-0.2110137939453125,0.16845703125,0.3475494384765625,data/155_1531.jpg
15:31:34,-0.2716064453125,0.1594085693359375,0.27764892578125,data/156_1531.jpg
15:31:37,-0.0316009521484375,-0.04486083984375,0.1823577880859375,data/157_1531.jpg
15:31:40,0.7286529541015625,-0.29058837890625,0.482421875,data/158_1531.jpg
15:31:43,1.4677276611328125,-0.991973876953125,1.7436981201171875,data/159_1531.jpg
15:31:47,1.6279296875,-0.012847900390625,1.34271240234375,data/160_1531.jpg
15:31:50,0.5471954345703125,-0.0826416015625,0.5751800537109375,data/161_1531.jpg
15:31:53,0.0396728515625,0.2853240966796875,-0.005615234375,data/162_1531.jpg
15:31:56,-0.69171142578125,0.033782958984375,0.05865478515625,data/163_1531.jpg
15:31:59,-0.1456451416015625,0.009857177734375,0.221282958984375,data/164_1531.jpg
15:32:02,0.291229248046875,-0.0831146240234375,0.3534088134765625,data/165_1532.jpg
15:32:05,0.15142822265625,-0.0756378173828125,0.4644775390625,data/166_1532.jpg
15:32:08,0.225738525390625,0.104522705078125,-1.05322265625,data/167_1532.jpg
15:32:11,-0.0047607421875,0.0276641845703125,-1.0072021484375,data/168_1532.jpg
15:32:14,0.0007781982421875,0.02557373046875,-1.0007171630859375,data/169_1532.jpg
15:32:17,-0.00799560546875,0.0303955078125,-1.015350341796875,data/170_1532.jpg
15:32:21,-0.00323486328125,0.0270233154296875,-1.0025634765625,data/171_1532.jpg
15:32:24,-0.005096435546875,0.0225830078125,-1.0042572021484375,data/172_1532.jpg
15:32:27,-0.0005340576171875,0.027984619140625,-1.0001068115234375,data/173_1532.jpg
15:32:30,0.0007171630859375,0.0239105224609375,-0.9987030029296875,data/174_1532.jpg
15:32:33,0.0029144287109375,0.0214996337890625,-0.993499755859375,data/175_1532.jpg
15:32:36,0.001800537109375,0.021514892578125,-0.9951171875,data/176_1532.jpg
15:32:39,-0.0010223388671875,0.03472900390625,-1.0146026611328125,data/177_1532.jpg
15:32:42,0.000518798828125,0.023162841796875,-0.998382568359375,data/178_1532.jpg
15:32:45,0.009796142578125,0.0214996337890625,-0.991485595703125,data/179_1532.jpg
15:32:48,-0.01287841796875,0.0280609130859375,-1.0075531005859375,data/180_1532.jpg
15:32:51,-0.002899169921875,0.0287017822265625,-1.0136260986328125,data/181_1532.jpg
15:32:55,-0.00445556640625,0.0222930908203125,-1.0025634765625,data/182_1532.jpg
15:33:00,-0.0060272216796875,0.0271148681640625,-1.0113067626953125,data/183_1533.jpg
15:33:03,-0.0225982666015625,0.0482940673828125,-1.021453857421875,data/184_1533.jpg
15:33:06,-0.61871337890625,0.5888214111328125,-0.7447967529296875,data/185_1533.jpg
15:33:09,1.4917449951171875,-0.64593505859375,1.9026641845703125,data/186_1533.jpg
15:33:12,1.289398193359375,-0.282958984375,1.0839691162109375,data/187_1533.jpg
15:33:15,0.548095703125,-0.5518341064453125,1.7349395751953125,data/188_1533.jpg
15:33:18,0.3992767333984375,-0.095123291015625,0.5796966552734375,data/189_1533.jpg
15:33:21,-0.4056396484375,-0.260406494140625,-0.3026123046875,data/190_1533.jpg
15:33:25,-0.2076263427734375,-0.11395263671875,-0.5888519287109375,data/191_1533.jpg
15:33:28,0.0911865234375,0.1461639404296875,-0.2682952880859375,data/192_1533.jpg
15:33:31,0.24554443359375,-0.0885467529296875,-0.237518310546875,data/193_1533.jpg
15:33:34,0.0809783935546875,0.002349853515625,-0.2937164306640625,data/194_1533.jpg
15:33:37,-0.4517364501953125,-0.029693603515625,0.1214141845703125,data/195_1533.jpg
15:33:40,0.019287109375,0.1324462890625,0.029449462890625,data/196_1533.jpg
15:33:43,-0.6761016845703125,0.120025634765625,-0.0110626220703125,data/197_1533.jpg
15:33:46,-0.6277923583984375,-0.0244903564453125,-0.405426025390625,data/198_1533.jpg
15:33:50,-0.659637451171875,-0.03533935546875,-0.2863922119140625,data/199_1533.jpg
15:33:53,-0.57196044921875,-0.0599365234375,-0.269866943359375,data/200_1533.jpg
15:33:56,-0.4103851318359375,0.0357208251953125,-0.2223663330078125,data/201_1533.jpg
15:34:00,-0.586273193359375,-0.02862548828125,-0.376220703125,data/202_1534.jpg
15:34:03,-0.42877197265625,-0.044219970703125,-0.0235443115234375,data/203_1534.jpg
15:34:06,0.2491302490234375,-0.4844512939453125,0.73846435546875,data/204_1534.jpg
15:34:09,0.7570037841796875,-0.6399688720703125,1.4461517333984375,data/205_1534.jpg
15:34:12,1.5528564453125,-0.4337310791015625,0.89532470703125,data/206_1534.jpg
15:34:15,1.1551513671875,-0.6585845947265625,0.8699951171875,data/207_1534.jpg
15:34:18,0.00372314453125,-0.1148681640625,-0.0076446533203125,data/208_1534.jpg
15:34:21,0.7657012939453125,0.06494140625,-0.681884765625,data/209_1534.jpg
15:34:24,0.6793212890625,0.1350555419921875,-0.7346038818359375,data/210_1534.jpg
15:34:27,0.671051025390625,0.1281890869140625,-0.741485595703125,data/211_1534.jpg
15:34:30,1.0530853271484375,0.531646728515625,0.3935699462890625,data/212_1534.jpg
15:34:34,0.5240478515625,-0.1889801025390625,0.57440185546875,data/213_1534.jpg
15:34:37,0.9239044189453125,-1.049652099609375,0.7990570068359375,data/214_1534.jpg
15:34:40,0.8395233154296875,-1.7969818115234375,1.4275054931640625,data/215_1534.jpg
15:34:43,1.162811279296875,-1.8277130126953125,0.79931640625,data/216_1534.jpg
15:35:27,0.029266357421875,0.016998291015625,-0.9524383544921875,data/1_1535.jpg
15:35:30,0.012786865234375,0.0243682861328125,-1.0066070556640625,data/2_1535.jpg
15:35:33,0.034576416015625,0.0451202392578125,-1.02410888671875,data/3_1535.jpg
15:35:36,0.0029296875,0.0227813720703125,-1.0001983642578125,data/4_1535.jpg
15:35:39,0.010986328125,0.019775390625,-1.0081329345703125,data/5_1535.jpg
15:35:42,0.0148468017578125,0.03302001953125,-0.994537353515625,data/6_1535.jpg
15:35:46,0.0183868408203125,0.0235595703125,-1.029449462890625,data/7_1535.jpg
15:35:49,-0.0042724609375,0.03631591796875,-1.0035247802734375,data/8_1535.jpg
15:35:52,0.0075836181640625,0.0180511474609375,-1.0088653564453125,data/9_1535.jpg
15:35:55,0.012054443359375,0.034088134765625,-0.9893798828125,data/10_1535.jpg
15:35:58,0.0145263671875,0.026092529296875,-1.0048370361328125,data/11_1535.jpg
15:36:01,0.0126953125,0.023193359375,-1.0103759765625,data/12_1536.jpg
15:36:04,0.005462646484375,0.021759033203125,-1.0034332275390625,data/13_1536.jpg
15:36:07,-0.0141754150390625,0.01531982421875,-1.009979248046875,data/14_1536.jpg
15:36:10,0.006500244140625,0.0165863037109375,-1.0184783935546875,data/15_1536.jpg
15:36:13,0.0104827880859375,0.0244293212890625,-1.004791259765625,data/16_1536.jpg
15:36:16,0.007232666015625,0.023406982421875,-1.006439208984375,data/17_1536.jpg
15:36:20,0.0166473388671875,0.0189208984375,-1.005218505859375,data/18_1536.jpg
15:36:23,0.0074310302734375,0.0236358642578125,-0.99468994140625,data/19_1536.jpg
15:36:26,0.0141448974609375,0.0103759765625,-1.007171630859375,data/20_1536.jpg
15:36:29,0.015838623046875,0.019775390625,-1.0040435791015625,data/21_1536.jpg
15:36:32,0.035430908203125,0.09295654296875,-1.213470458984375,data/22_1536.jpg
15:36:35,0.35504150390625,-0.5230712890625,-0.957611083984375,data/23_1536.jpg
15:36:38,0.1627197265625,-0.76654052734375,-0.0498809814453125,data/24_1536.jpg
15:36:41,-1.1201324462890625,-0.92669677734375,1.3438720703125,data/25_1536.jpg
15:36:44,-0.881011962890625,-1.291595458984375,0.7763519287109375,data/26_1536.jpg
15:36:47,-0.9770050048828125,-1.288726806640625,0.598052978515625,data/27_1536.jpg
15:36:50,-0.5667266845703125,-0.59832763671875,0.38665771484375,data/28_1536.jpg
15:36:54,-0.4801788330078125,-0.2337646484375,0.849090576171875,data/29_1536.jpg
15:36:57,0.3888092041015625,0.304412841796875,1.2581024169921875,data/30_1536.jpg
15:37:00,0.5317230224609375,-0.1520538330078125,0.88604736328125,data/31_1537.jpg
15:37:03,1.070556640625,0.7595367431640625,1.1341094970703125,data/32_1537.jpg
15:37:06,-0.0798187255859375,0.2246856689453125,0.980682373046875,data/33_1537.jpg
15:37:09,0.0308990478515625,0.25921630859375,0.9415435791015625,data/34_1537.jpg
15:37:12,-1.09844970703125,-0.9239044189453125,0.1563262939453125,data/35_1537.jpg
15:37:15,0.2420196533203125,-0.4132843017578125,0.549072265625,data/36_1537.jpg
15:37:18,0.3187713623046875,-1.173797607421875,0.4881134033203125,data/37_1537.jpg
15:37:21,-2.0543365478515625,-0.7028656005859375,1.2723846435546875,data/38_1537.jpg
15:37:25,-0.0200653076171875,0.01043701171875,0.8348236083984375,data/39_1537.jpg
15:37:28,0.329803466796875,-0.0167388916015625,0.7425537109375,data/40_1537.jpg
15:37:31,0.8592529296875,0.7534942626953125,0.883575439453125,data/41_1537.jpg
15:37:34,0.488433837890625,0.6553192138671875,1.3629913330078125,data/42_1537.jpg
15:37:37,-0.0398406982421875,-0.4585418701171875,0.4568939208984375,data/43_1537.jpg
15:37:40,0.0128173828125,-0.9086456298828125,-0.8231964111328125,data/44_1537.jpg
15:37:43,0.083709716796875,-1.1135406494140625,-0.751007080078125,data/45_1537.jpg
15:37:46,-0.40374755859375,-0.34088134765625,-0.3099517822265625,data/46_1537.jpg
15:37:49,0.333740234375,-0.5456695556640625,0.156463623046875,data/47_1537.jpg
15:37:52,-0.108856201171875,-0.585540771484375,-0.7188873291015625,data/48_1537.jpg
15:37:55,-0.031158447265625,-0.299835205078125,-0.974822998046875,data/49_1537.jpg
15:37:59,-0.0156402587890625,-0.3139801025390625,-0.965728759765625,data/50_1538.jpg
15:38:02,-0.0135498046875,-0.3113861083984375,-0.9490966796875,data/51_1538.jpg
15:38:05,-0.017059326171875,-0.3231658935546875,-0.953216552734375,data/52_1538.jpg
15:38:08,1.406951904296875,-0.7244415283203125,-0.19866943359375,data/53_1538.jpg
15:38:11,0.215118408203125,-0.0086517333984375,1.177337646484375,data/54_1538.jpg
15:38:14,-0.2728271484375,1.0535125732421875,2.2213134765625,data/55_1538.jpg
15:38:17,-0.2521514892578125,1.5108184814453125,1.5805816650390625,data/56_1538.jpg
15:38:20,-0.6301422119140625,-0.2090911865234375,0.6047821044921875,data/57_1538.jpg
15:38:23,-0.6011962890625,-0.083709716796875,0.674774169921875,data/58_1538.jpg
15:38:26,-1.1602783203125,0.2688751220703125,0.8919830322265625,data/59_1538.jpg
15:38:29,-0.677947998046875,-0.4823150634765625,-0.665740966796875,data/60_1538.jpg
15:38:33,-2.7030792236328125,-0.5450592041015625,1.1857452392578125,data/61_1538.jpg
15:38:36,-0.1384124755859375,-0.7795867919921875,-1.1294708251953125,data/62_1538.jpg
15:38:39,0.2018890380859375,-0.38140869140625,-0.89971923828125,data/63_1538.jpg
15:38:42,0.18157958984375,-0.3312835693359375,-0.9257049560546875,data/64_1538.jpg
15:38:45,0.093231201171875,-0.5436553955078125,-0.695648193359375,data/65_1538.jpg
15:38:48,0.15838623046875,-0.4968719482421875,-0.8093109130859375,data/66_1538.jpg
15:38:51,0.2184295654296875,-0.7129669189453125,-0.40045166015625,data/67_1538.jpg
15:38:54,-0.08740234375,-0.696014404296875,-0.68255615234375,data/68_1538.jpg
15:38:57,0.00836181640625,-0.649871826171875,-0.881561279296875,data/69_1538.jpg
15:39:00,-0.6999969482421875,-0.5857086181640625,-0.468780517578125,data/70_1539.jpg
15:39:03,-0.640045166015625,-0.4697418212890625,-0.0933837890625,data/71_1539.jpg
15:39:07,-0.75067138671875,-0.5500946044921875,-0.050506591796875,data/72_1539.jpg
15:39:10,-1.0956878662109375,-0.609039306640625,-2.10516357421875,data/73_1539.jpg
15:39:13,-0.1779632568359375,-0.6400299072265625,-0.134307861328125,data/74_1539.jpg
15:39:16,-0.6048736572265625,-1.02655029296875,1.154693603515625,data/75_1539.jpg
15:39:19,-0.5057525634765625,-1.225830078125,0.781646728515625,data/76_1539.jpg
15:39:22,-0.0485382080078125,-0.92181396484375,-0.433013916015625,data/77_1539.jpg
15:39:25,-0.444091796875,-0.778167724609375,0.164581298828125,data/78_1539.jpg
15:39:28,-0.628021240234375,-0.8648834228515625,1.1351776123046875,data/79_1539.jpg
15:39:31,-0.6514739990234375,-1.0928955078125,1.0125274658203125,data/80_1539.jpg
15:39:34,-0.1065673828125,-0.800689697265625,-0.1900634765625,data/81_1539.jpg
15:39:37,-0.0265045166015625,-0.863067626953125,-0.7270355224609375,data/82_1539.jpg
15:39:41,-0.1699676513671875,-0.6626739501953125,-0.4589996337890625,data/83_1539.jpg
15:39:44,-0.173797607421875,-0.8374786376953125,0.5218048095703125,data/84_1539.jpg
15:39:47,-0.4463043212890625,-1.113037109375,0.4215850830078125,data/85_1539.jpg
15:39:50,-0.2257080078125,-0.990875244140625,-0.2594451904296875,data/86_1539.jpg
15:39:53,-1.33917236328125,-0.670928955078125,-0.505035400390625,data/87_1539.jpg
15:39:56,-0.3682708740234375,-0.683807373046875,1.011993408203125,data/88_1539.jpg
15:39:59,-0.309478759765625,-0.9854583740234375,0.65496826171875,data/89_1539.jpg
15:40:02,-0.1620025634765625,-1.000244140625,-0.3394775390625,data/90_1540.jpg
15:40:05,-0.2726593017578125,-0.9893035888671875,0.5883331298828125,data/91_1540.jpg
15:40:08,0.02996826171875,-0.9591217041015625,0.5446319580078125,data/92_1540.jpg
15:40:11,0.00567626953125,-0.69232177734375,-0.2610321044921875,data/93_1540.jpg
15:40:15,-0.2870025634765625,-0.890289306640625,-0.991668701171875,data/94_1540.jpg
15:40:18,-0.17071533203125,-0.9431610107421875,0.8567047119140625,data/95_1540.jpg
15:40:21,-0.178802490234375,-1.127685546875,0.27764892578125,data/96_1540.jpg
15:40:24,0.0298919677734375,-0.5488433837890625,-1.077056884765625,data/97_1540.jpg
15:40:27,0.121734619140625,-0.9179840087890625,0.5732421875,data/98_1540.jpg
15:40:30,-0.148834228515625,-0.843505859375,0.4853668212890625,data/99_1540.jpg
15:40:33,0.1815032958984375,-0.8960418701171875,0.029205322265625,data/100_1540.jpg
15:40:36,0.0127105712890625,-1.090850830078125,0.1885528564453125,data/101_1540.jpg
15:40:39,-0.1949615478515625,-0.9900054931640625,0.2120208740234375,data/102_1540.jpg
15:40:42,0.2213287353515625,-0.9187469482421875,-0.09527587890625,data/103_1540.jpg
15:40:45,-0.0977020263671875,-0.912567138671875,-0.0067901611328125,data/104_1540.jpg
15:40:49,-0.1876678466796875,-0.875457763671875,0.571014404296875,data/105_1540.jpg
15:40:52,-0.012542724609375,-0.762420654296875,-0.1338653564453125,data/106_1540.jpg
15:40:55,-0.112823486328125,-0.985443115234375,0.1514129638671875,data/107_1540.jpg
15:40:58,-3.0517578125e-05,-1.0709686279296875,-0.063934326171875,data/108_1540.jpg
15:41:01,0.058990478515625,-1.04498291015625,0.2562103271484375,data/109_1541.jpg
15:41:04,-0.129058837890625,-1.075347900390625,0.0750274658203125,data/110_1541.jpg
15:41:07,-0.145538330078125,-1.0391845703125,-0.540130615234375,data/111_1541.jpg
15:41:10,0.01324462890625,-1.100982666015625,0.27667236328125,data/112_1541.jpg
15:41:13,0.0050506591796875,-0.9898834228515625,-0.2600555419921875,data/113_1541.jpg
15:41:16,0.14605712890625,-0.834320068359375,-0.3661956787109375,data/114_1541.jpg
15:41:20,-0.104400634765625,-0.931488037109375,0.308746337890625,data/115_1541.jpg
15:41:23,0.030120849609375,-0.8794097900390625,-0.5437164306640625,data/116_1541.jpg
15:41:26,0.3321990966796875,-0.8669891357421875,-0.0814056396484375,data/117_1541.jpg
15:41:29,0.0909881591796875,-1.0857696533203125,0.6092681884765625,data/118_1541.jpg
15:41:32,-0.24835205078125,-1.0062713623046875,-0.637176513671875,data/119_1541.jpg
15:41:35,0.2403106689453125,-0.723419189453125,-0.580963134765625,data/120_1541.jpg
15:41:38,0.2267913818359375,-1.1498260498046875,0.7168121337890625,data/121_1541.jpg
15:41:41,0.0222930908203125,-0.9980926513671875,-0.40960693359375,data/122_1541.jpg
15:41:44,0.4468994140625,-1.024200439453125,-0.6413726806640625,data/123_1541.jpg
15:41:47,-0.004638671875,-1.088653564453125,0.128387451171875,data/124_1541.jpg
15:41:50,-0.1176300048828125,-0.7992706298828125,-0.4551239013671875,data/125_1541.jpg
15:41:54,0.3020172119140625,-0.9346923828125,-0.0294189453125,data/126_1541.jpg
15:41:57,0.08197021484375,-0.8975067138671875,0.395660400390625,data/127_1541.jpg
15:42:00,-0.07464599609375,-0.9080810546875,-0.386444091796875,data/128_1542.jpg
15:42:03,-0.1154937744140625,-0.8907470703125,0.278167724609375,data/129_1542.jpg
15:42:06,0.1623992919921875,-0.94390869140625,1.208221435546875,data/130_1542.jpg
15:42:09,-0.2256317138671875,-0.9062042236328125,-0.306396484375,data/131_1542.jpg
15:42:12,-0.2616119384765625,-0.8159942626953125,0.2047576904296875,data/132_1542.jpg
15:42:15,-1.3936309814453125,-0.8168182373046875,1.7475128173828125,data/133_1542.jpg
15:42:18,-0.047088623046875,-0.69122314453125,-0.3087921142578125,data/134_1542.jpg
15:42:21,-0.082122802734375,-1.0406951904296875,-0.674530029296875,data/135_1542.jpg
15:42:24,-0.3305206298828125,-0.785552978515625,0.7435455322265625,data/136_1542.jpg
15:42:28,-0.0246429443359375,-0.7971038818359375,0.4574432373046875,data/137_1542.jpg
15:42:31,0.1158447265625,-0.8731536865234375,-0.085052490234375,data/138_1542.jpg
15:42:34,-0.2318878173828125,-0.65399169921875,0.220947265625,data/139_1542.jpg
15:42:37,-0.107757568359375,-0.890655517578125,0.6312408447265625,data/140_1542.jpg
15:42:40,-0.0926055908203125,-0.9007110595703125,-0.48553466796875,data/141_1542.jpg
15:42:43,0.1445159912109375,-0.3778533935546875,0.3663482666015625,data/142_1542.jpg
15:42:46,-0.1392059326171875,-0.931884765625,0.7470245361328125,data/143_1542.jpg
15:42:49,-0.1592559814453125,-0.9940948486328125,-0.4234466552734375,data/144_1542.jpg
15:42:52,-0.30029296875,-0.9490966796875,0.1718902587890625,data/145_1542.jpg
