Timestamp, X, Y, Z
2025-07-17 20:41:08, -0.026, 0.201, 0.979
2025-07-17 20:41:08, -0.026, 0.199, 0.977
2025-07-17 20:41:08, -0.025, 0.201, 0.979
2025-07-17 20:41:09, -0.026, 0.200, 0.979
2025-07-17 20:41:10, -0.026, 0.200, 0.979
2025-07-17 20:41:11, -0.025, 0.199, 0.978
2025-07-17 20:41:12, -0.026, 0.201, 0.978
2025-07-17 20:41:13, -0.026, 0.202, 0.978
2025-07-17 20:41:14, -0.026, 0.200, 0.979
2025-07-17 20:41:15, 0.521, -0.700, 0.876
2025-07-17 20:41:16, -0.578, -0.746, -0.266
2025-07-17 20:41:17, -0.858, 0.270, -0.467
2025-07-17 20:41:18, -0.298, -0.951, 0.122
2025-07-17 20:41:19, -0.950, -0.357, 0.024
2025-07-17 20:41:20, 0.089, -0.978, -0.074
2025-07-17 20:41:21, -0.388, -0.621, -0.494
2025-07-17 20:41:22, 0.152, -0.804, -0.458
2025-07-17 20:41:23, 0.063, -0.710, -0.685
2025-07-17 20:41:24, -0.213, -0.767, -0.912
2025-07-17 20:41:25, 0.614, -0.807, -0.250
2025-07-17 20:41:26, 0.243, -0.738, -0.051
2025-07-17 20:41:27, -0.406, 0.046, 0.866
2025-07-17 20:41:28, -0.464, 0.148, 0.862
2025-07-17 20:41:29, -0.467, 0.159, 0.854
2025-07-17 20:41:30, -0.463, 0.165, 0.856
2025-07-17 20:41:31, -0.469, 0.172, 0.853
2025-07-17 20:41:32, -0.468, 0.174, 0.856
2025-07-17 20:41:33, -0.469, 0.164, 0.844
2025-07-17 20:41:34, -0.469, 0.170, 0.849
2025-07-17 20:41:35, -0.469, 0.177, 0.851
2025-07-17 20:41:36, -0.466, 0.176, 0.849
2025-07-17 20:41:37, -0.469, 0.170, 0.841
2025-07-17 20:41:38, -0.468, 0.178, 0.853
2025-07-17 20:41:39, -0.468, 0.180, 0.851
2025-07-17 20:41:40, -0.468, 0.178, 0.850
2025-07-17 20:41:41, -0.467, 0.179, 0.850
2025-07-17 20:41:42, -0.467, 0.180, 0.850
2025-07-17 20:41:43, -0.466, 0.179, 0.850
2025-07-17 20:41:44, -0.468, 0.179, 0.850
2025-07-17 20:41:45, -0.466, 0.182, 0.860
2025-07-17 20:41:46, -0.471, 0.176, 0.843
2025-07-17 20:41:47, -0.469, 0.181, 0.850
2025-07-17 20:41:48, -0.467, 0.176, 0.856
2025-07-17 20:41:49, -0.462, 0.180, 0.846
2025-07-17 20:41:50, -0.474, 0.182, 0.854
2025-07-17 20:41:51, -0.459, 0.185, 0.852
2025-07-17 20:41:52, -0.465, 0.181, 0.849
2025-07-17 20:41:53, -0.465, 0.181, 0.849
2025-07-17 20:41:54, -0.467, 0.181, 0.850
2025-07-17 20:41:56, -0.466, 0.181, 0.851
2025-07-17 20:41:57, -0.466, 0.182, 0.850
2025-07-17 20:41:58, -0.467, 0.182, 0.850
2025-07-17 20:41:59, -0.466, 0.181, 0.850
2025-07-17 20:42:00, -0.467, 0.181, 0.848
2025-07-17 20:42:01, -0.466, 0.180, 0.851
2025-07-17 20:42:02, -0.464, 0.182, 0.851
2025-07-17 20:42:03, -0.467, 0.182, 0.849
2025-07-17 20:42:04, -0.466, 0.182, 0.851
2025-07-17 20:42:05, -0.466, 0.182, 0.851
2025-07-17 20:42:06, -0.466, 0.181, 0.851
2025-07-17 20:42:07, -0.466, 0.182, 0.851
2025-07-17 20:42:08, -0.468, 0.179, 0.849
2025-07-17 20:42:09, -0.467, 0.182, 0.850
2025-07-17 20:42:10, -0.467, 0.183, 0.851
2025-07-17 20:42:11, -0.467, 0.183, 0.850
2025-07-17 20:42:12, -0.467, 0.183, 0.851
2025-07-17 20:42:13, -0.465, 0.184, 0.854
2025-07-17 20:42:14, -0.466, 0.183, 0.851
2025-07-17 20:42:15, -0.463, 0.190, 0.848
2025-07-17 20:42:16, -0.463, 0.182, 0.845
2025-07-17 20:42:17, -0.380, 0.134, 0.810
2025-07-17 20:42:18, -0.211, -0.005, 0.887
2025-07-17 20:42:19, -0.497, 0.053, 0.934
2025-07-17 20:42:20, -0.439, 0.237, 0.954
2025-07-17 20:42:21, -0.255, 0.807, -0.060
2025-07-17 20:42:22, -0.563, 0.768, -0.144
2025-07-17 20:42:23, -0.464, 0.924, 0.011
2025-07-17 20:42:24, -0.263, 0.948, 0.073
2025-07-17 20:42:25, -0.393, 0.877, -0.056
2025-07-17 20:42:26, -0.327, 0.922, -0.279
2025-07-17 20:42:27, -0.243, 0.805, -0.087
2025-07-17 20:42:28, -0.132, 1.041, -0.154
2025-07-17 20:42:29, -0.487, 1.048, -0.180
2025-07-17 20:42:30, -0.394, 0.813, -0.091
2025-07-17 20:42:31, -0.149, 0.663, -0.156
2025-07-17 20:42:32, -0.316, 1.051, -0.242
2025-07-17 20:42:33, -0.304, 0.929, -0.289
2025-07-17 20:42:34, -0.552, 1.119, -0.567
2025-07-17 20:42:35, -0.320, 1.015, -0.360
2025-07-17 20:42:36, -0.276, 0.752, -0.304
2025-07-17 20:42:37, -0.263, 0.769, -0.304
2025-07-17 20:42:38, -0.242, 0.997, -0.197
2025-07-17 20:42:39, -0.344, 1.195, -0.490
2025-07-17 20:42:40, -0.282, 1.012, -0.470
2025-07-17 20:42:41, -0.290, 0.789, -0.350
2025-07-17 20:42:42, -0.190, 0.652, -0.321
2025-07-17 20:42:43, -0.342, 0.886, -0.231
2025-07-17 20:42:44, -0.310, 0.974, -0.423
2025-07-17 20:42:45, -0.312, 0.974, -0.538
2025-07-17 20:42:46, -0.252, 0.800, -0.515
2025-07-17 20:42:47, -0.146, 0.826, -0.484
2025-07-17 20:42:48, -0.112, 0.838, -0.375
2025-07-17 20:42:49, -0.354, 1.017, -0.468
2025-07-17 20:42:50, -0.326, 0.760, -0.390
2025-07-17 20:42:51, -0.253, 0.819, -0.341
2025-07-17 20:42:52, -0.393, 1.095, -0.509
2025-07-17 20:42:53, -0.308, 0.921, -0.603
2025-07-17 20:42:54, -0.179, 0.626, -0.524
2025-07-17 20:42:55, -0.176, 0.643, -0.445
2025-07-17 20:42:56, -0.151, 0.861, -0.409
2025-07-17 20:42:57, -0.288, 1.003, -0.645
2025-07-17 20:42:58, -0.310, 0.812, -0.561
2025-07-17 20:42:59, -0.172, 0.619, -0.449
2025-07-17 20:43:00, -0.208, 0.767, -0.460
2025-07-17 20:43:01, -0.173, 0.837, -0.410
2025-07-17 20:43:02, -0.320, 0.921, -0.713
2025-07-17 20:43:03, -0.207, 0.739, -0.668
2025-07-17 20:43:04, -0.217, 0.602, -0.537
2025-07-17 20:43:05, -0.246, 0.828, -0.523
2025-07-17 20:43:06, -0.305, 0.808, -0.519
2025-07-17 20:43:07, -0.238, 0.964, -0.709
2025-07-17 20:43:08, -0.246, 0.629, -0.614
2025-07-17 20:43:09, -0.353, 0.786, -0.536
2025-07-17 20:43:10, -0.214, 0.799, -0.564
2025-07-17 20:43:11, -0.209, 0.818, -0.619
2025-07-17 20:43:12, -0.197, 0.766, -0.582
2025-07-17 20:43:13, -0.142, 0.760, -0.599
2025-07-17 20:43:14, -0.258, 0.936, -0.655
2025-07-17 20:43:15, -0.272, 0.648, -0.432
2025-07-17 20:43:16, -0.297, 0.769, -0.428
2025-07-17 20:43:17, -0.271, 0.930, -0.877
2025-07-17 20:43:18, -0.154, 0.664, -0.685
2025-07-17 20:43:19, -0.166, 0.814, -0.525
2025-07-17 20:43:20, -0.273, 0.820, -0.740
2025-07-17 20:43:21, -0.208, 0.555, -0.564
2025-07-17 20:43:22, -0.197, 0.771, -0.535
2025-07-17 20:43:23, -0.346, 0.907, -1.008
2025-07-17 20:43:24, -0.163, 0.593, -0.654
2025-07-17 20:43:25, -0.138, 0.692, -0.528
2025-07-17 20:43:26, -0.142, 0.847, -0.685
2025-07-17 20:43:27, -0.050, 0.692, -0.432
2025-07-17 20:43:28, -0.221, 0.915, -0.778
2025-07-17 20:43:29, -0.107, 0.630, -0.617
2025-07-17 20:43:30, -0.255, 0.736, -0.803
2025-07-17 20:43:31, -0.205, 0.575, -0.451
2025-07-17 20:43:32, -0.179, 0.910, -0.540
2025-07-17 20:43:33, -0.088, 0.880, -0.986
2025-07-17 20:43:34, -0.073, 0.588, -0.547
2025-07-17 20:43:35, -0.104, 0.936, -0.744
2025-07-17 20:43:36, -0.064, 0.440, -0.576
2025-07-17 20:43:37, -0.167, 0.819, -0.583
2025-07-17 20:43:38, -0.109, 0.700, -0.822
2025-07-17 20:43:39, -0.079, 0.743, -0.572
2025-07-17 20:43:40, -0.268, 0.731, -0.697
2025-07-17 20:43:41, -0.227, 0.729, -0.598
2025-07-17 20:43:42, -0.146, 0.625, -0.688
2025-07-17 20:43:43, -0.203, 0.766, -0.830
2025-07-17 20:43:44, -0.193, 0.728, -0.631
2025-07-17 20:43:45, -0.135, 0.582, -0.793
2025-07-17 20:43:46, -0.106, 0.647, -0.620
2025-07-17 20:43:47, -0.158, 0.850, -0.802
2025-07-17 20:43:48, -0.175, 0.634, -0.810
2025-07-17 20:43:49, -0.135, 0.504, -0.609
2025-07-17 20:43:50, -0.218, 0.758, -0.592
2025-07-17 20:43:51, -0.195, 0.695, -0.898
2025-07-17 20:43:52, -0.201, 0.455, -0.631
2025-07-17 20:43:53, -0.048, 0.723, -0.678
2025-07-17 20:43:54, -0.209, 0.696, -0.862
2025-07-17 20:43:55, -0.157, 0.484, -0.643
2025-07-17 20:43:56, -0.323, 0.662, -0.631
2025-07-17 20:43:57, -0.244, 0.748, -1.115
2025-07-17 20:43:58, -0.158, 0.532, -0.784
2025-07-17 20:43:59, -0.088, 0.608, -0.617
2025-07-17 20:44:00, -0.084, 0.875, -0.793
2025-07-17 20:44:01, -0.149, 0.691, -0.779
2025-07-17 20:44:02, -0.173, 0.674, -0.592
2025-07-17 20:44:03, -0.277, 0.892, -0.938
2025-07-17 20:44:04, -0.184, 0.543, -0.853
2025-07-17 20:44:05, -0.159, 0.565, -0.589
2025-07-17 20:44:06, -0.127, 0.679, -0.673
2025-07-17 20:44:07, -0.162, 0.708, -0.746
2025-07-17 20:44:08, -0.088, 0.621, -0.556
2025-07-17 20:44:09, -0.255, 0.858, -0.880
2025-07-17 20:44:10, -0.192, 0.583, -0.775
2025-07-17 20:44:11, -0.109, 0.649, -0.594
2025-07-17 20:44:12, -0.213, 0.672, -0.756
2025-07-17 20:44:13, -0.172, 0.633, -0.580
2025-07-17 20:44:14, -0.175, 0.857, -0.887
2025-07-17 20:44:15, -0.118, 0.671, -0.819
2025-07-17 20:44:16, -0.147, 0.590, -0.575
2025-07-17 20:44:17, -0.117, 0.764, -0.635
2025-07-17 20:44:18, -0.213, 0.732, -0.779
2025-07-17 20:44:19, -0.317, 0.684, -0.720
2025-07-17 20:44:20, -0.204, 0.512, -0.755
2025-07-17 20:44:21, -0.197, 0.664, -0.727
2025-07-17 20:44:22, -0.154, 0.651, -0.776
2025-07-17 20:44:23, -0.208, 0.710, -0.704
2025-07-17 20:44:24, -0.178, 0.651, -0.791
2025-07-17 20:44:25, -0.180, 0.552, -0.748
2025-07-17 20:44:26, -0.196, 0.744, -0.585
2025-07-17 20:44:27, -0.312, 0.710, -0.886
2025-07-17 20:44:28, -0.184, 0.514, -0.742
2025-07-17 20:44:29, -0.181, 0.805, -0.582
2025-07-17 20:44:30, -0.248, 0.563, -0.669
2025-07-17 20:44:31, -0.237, 0.702, -0.533
2025-07-17 20:44:32, -0.087, 0.744, -0.699
2025-07-17 20:44:33, -0.183, 0.781, -0.819
2025-07-17 20:44:34, -0.184, 0.717, -0.562
2025-07-17 20:44:35, -0.227, 0.824, -0.904
2025-07-17 20:44:36, -0.113, 0.827, -0.650
2025-07-17 20:44:37, -0.226, 0.602, -0.740
2025-07-17 20:44:38, -0.180, 0.705, -0.844
2025-07-17 20:44:39, -0.192, 0.592, -0.627
2025-07-17 20:44:40, -0.210, 0.773, -0.873
2025-07-17 20:44:41, -0.152, 0.601, -0.604
2025-07-17 20:44:42, -0.165, 0.592, -0.823
2025-07-17 20:44:43, -0.164, 0.749, -0.649
2025-07-17 20:44:44, -0.202, 0.658, -0.747
2025-07-17 20:44:45, -0.237, 0.603, -0.774
2025-07-17 20:44:46, -0.206, 0.615, -0.723
2025-07-17 20:44:47, -0.238, 0.634, -0.728
2025-07-17 20:44:48, -0.168, 0.641, -0.743
2025-07-17 20:44:49, -0.239, 0.668, -0.768
2025-07-17 20:44:50, -0.212, 0.640, -0.747
2025-07-17 20:44:51, -0.209, 0.610, -0.774
2025-07-17 20:44:52, -0.227, 0.616, -0.758
2025-07-17 20:44:53, -0.177, 0.621, -0.743
2025-07-17 20:44:54, -0.143, 0.726, -0.706
2025-07-17 20:44:55, -0.277, 0.672, -0.696
2025-07-17 20:44:56, -0.214, 0.554, -0.696
2025-07-17 20:44:57, -0.189, 0.882, -0.769
2025-07-17 20:44:58, -0.294, 0.467, -0.718
2025-07-17 20:44:59, -0.117, 0.566, -0.521
2025-07-17 20:45:00, -0.253, 0.674, -0.583
2025-07-17 20:45:01, -0.231, 0.699, -0.919
2025-07-17 20:45:02, -0.133, 0.555, -0.920
2025-07-17 20:45:03, -0.152, 0.619, -0.604
2025-07-17 20:45:04, -0.133, 0.723, -0.662
2025-07-17 20:45:05, -0.187, 0.747, -0.698
2025-07-17 20:45:06, -0.165, 0.751, -0.838
2025-07-17 20:45:07, -0.160, 0.684, -0.646
2025-07-17 20:45:08, -0.206, 0.641, -0.707
2025-07-17 20:45:09, -0.196, 0.632, -0.781
2025-07-17 20:45:10, -0.256, 0.673, -0.718
2025-07-17 20:45:11, -0.219, 0.720, -0.665
2025-07-17 20:45:12, -0.225, 0.632, -0.724
2025-07-17 20:45:13, -0.255, 0.800, -0.757
2025-07-17 20:45:14, -0.204, 0.573, -0.586
2025-07-17 20:45:15, -0.230, 0.779, -0.652
2025-07-17 20:45:16, -0.190, 0.695, -0.818
2025-07-17 20:45:17, -0.188, 0.574, -0.594
2025-07-17 20:45:18, -0.177, 0.818, -0.740
2025-07-17 20:45:19, -0.231, 0.637, -0.737
2025-07-17 20:45:20, -0.328, 0.681, -0.610
2025-07-17 20:45:21, -0.218, 0.726, -0.911
2025-07-17 20:45:22, -0.246, 0.700, -0.688
2025-07-17 20:45:23, -0.214, 0.676, -0.732
2025-07-17 20:45:24, -0.203, 0.663, -0.744
2025-07-17 20:45:25, -0.188, 0.640, -0.740
2025-07-17 20:45:26, -0.233, 0.660, -0.732
2025-07-17 20:45:27, -0.216, 0.662, -0.717
2025-07-17 20:45:28, -0.131, 0.761, -0.715
2025-07-17 20:45:29, -0.141, 0.710, -0.662
2025-07-17 20:45:30, -0.247, 0.651, -0.749
2025-07-17 20:45:31, -0.204, 0.656, -0.855
2025-07-17 20:45:32, -0.145, 0.657, -0.667
2025-07-17 20:45:33, -0.216, 0.667, -0.796
2025-07-17 20:45:34, -0.140, 0.723, -0.594
2025-07-17 20:45:35, -0.221, 0.551, -0.716
2025-07-17 20:45:36, -0.094, 0.685, -0.546
2025-07-17 20:45:37, -0.204, 0.640, -0.688
2025-07-17 20:45:38, -0.294, 0.705, -0.635
2025-07-17 20:45:39, -0.161, 0.672, -0.854
2025-07-17 20:45:40, -0.178, 0.519, -0.629
2025-07-17 20:45:41, -0.098, 0.744, -0.586
2025-07-17 20:45:42, -0.241, 0.756, -0.805
2025-07-17 20:45:43, -0.116, 0.580, -0.618
2025-07-17 20:45:44, -0.168, 0.765, -0.699
2025-07-17 20:45:45, -0.181, 0.613, -0.992
2025-07-17 20:45:46, -0.124, 0.587, -0.641
2025-07-17 20:45:47, -0.190, 0.756, -0.931
2025-07-17 20:45:48, -0.103, 0.487, -0.696
2025-07-17 20:45:49, -0.224, 0.629, -0.673
2025-07-17 20:45:50, -0.034, 0.615, -1.278
2025-07-17 20:45:51, -0.126, 0.495, -0.752
2025-07-17 20:45:52, -0.107, 0.677, -0.682
2025-07-17 20:45:53, -0.147, 0.787, -0.909
2025-07-17 20:45:54, -0.086, 0.514, -0.803
2025-07-17 20:45:55, -0.257, 0.661, -0.593
2025-07-17 20:45:56, -0.161, 0.705, -0.996
2025-07-17 20:45:57, -0.116, 0.510, -0.780
2025-07-17 20:45:58, -0.130, 0.709, -0.643
2025-07-17 20:45:59, -0.147, 0.698, -0.773
2025-07-17 20:46:00, -0.241, 0.588, -0.705
2025-07-17 20:46:01, -0.154, 0.716, -0.971
2025-07-17 20:46:02, -0.096, 0.469, -0.742
2025-07-17 20:46:03, -0.075, 0.736, -0.677
2025-07-17 20:46:04, -0.069, 0.732, -0.866
2025-07-17 20:46:05, -0.097, 0.580, -0.659
2025-07-17 20:46:06, -0.108, 0.823, -0.926
2025-07-17 20:46:07, -0.106, 0.478, -0.716
2025-07-17 20:46:08, -0.034, 0.559, -0.530
2025-07-17 20:46:09, -0.104, 0.792, -0.931
2025-07-17 20:46:10, -0.065, 0.595, -0.810
2025-07-17 20:46:11, -0.283, 0.615, -0.787
2025-07-17 20:46:12, -0.048, 0.580, -0.893
2025-07-17 20:46:13, -0.043, 0.591, -0.638
2025-07-17 20:46:14, -0.048, 0.736, -0.923
2025-07-17 20:46:15, -0.034, 0.491, -0.701
2025-07-17 20:46:16, -0.291, 0.623, -0.804
2025-07-17 20:46:17, -0.122, 0.651, -1.019
2025-07-17 20:46:18, -0.075, 0.393, -0.761
2025-07-17 20:46:19, 0.012, 0.637, -0.693
2025-07-17 20:46:20, -0.032, 0.720, -1.061
2025-07-17 20:46:21, -0.098, 0.459, -0.846
2025-07-17 20:46:22, -0.179, 0.614, -0.665
2025-07-17 20:46:23, -0.134, 0.729, -0.995
2025-07-17 20:46:24, -0.001, 0.429, -0.931
2025-07-17 20:46:25, -0.005, 0.467, -0.742
2025-07-17 20:46:26, 0.038, 0.636, -0.612
2025-07-17 20:46:27, 0.012, 0.587, -0.899
2025-07-17 20:46:28, -0.064, 0.610, -0.698
2025-07-17 20:46:29, -0.001, 0.687, -0.988
2025-07-17 20:46:30, 0.060, 0.380, -0.856
2025-07-17 20:46:31, -0.020, 0.750, -0.723
2025-07-17 20:46:32, -0.037, 0.661, -0.978
2025-07-17 20:46:33, -0.044, 0.513, -0.713
2025-07-17 20:46:34, 0.028, 0.552, -0.983
2025-07-17 20:46:35, -0.059, 0.578, -0.871
2025-07-17 20:46:36, -0.105, 0.590, -0.839
2025-07-17 20:46:37, -0.041, 0.491, -0.851
2025-07-17 20:46:38, 0.060, 0.535, -0.866
2025-07-17 20:46:39, 0.030, 0.545, -0.849
2025-07-17 20:46:40, -0.039, 0.509, -0.869
2025-07-17 20:46:41, -0.165, 0.645, -0.871
2025-07-17 20:46:42, -0.012, 0.560, -0.879
2025-07-17 20:46:43, 0.005, 0.560, -0.677
2025-07-17 20:46:44, -0.035, 0.691, -0.948
2025-07-17 20:46:45, -0.085, 0.488, -0.774
2025-07-17 20:46:46, -0.153, 0.605, -0.771
2025-07-17 20:46:47, -0.090, 0.619, -1.005
2025-07-17 20:46:48, 0.015, 0.472, -0.856
2025-07-17 20:46:49, -0.081, 0.596, -0.751
2025-07-17 20:46:50, -0.137, 0.737, -0.727
2025-07-17 20:46:51, -0.074, 0.578, -0.878
2025-07-17 20:46:52, 0.016, 0.607, -0.783
2025-07-17 20:46:53, -0.039, 0.598, -0.818
2025-07-17 20:46:54, 0.003, 0.605, -0.835
2025-07-17 20:46:55, 0.027, 0.431, -0.758
2025-07-17 20:46:56, -0.038, 0.454, -0.879
2025-07-17 20:46:57, -0.016, 0.496, -0.873
2025-07-17 20:46:58, -0.016, 0.502, -0.871
2025-07-17 20:46:59, -0.016, 0.504, -0.872
2025-07-17 20:47:00, -0.018, 0.505, -0.873
2025-07-17 20:47:01, -0.015, 0.508, -0.870
2025-07-17 20:47:02, -0.015, 0.507, -0.869
2025-07-17 20:47:03, -0.008, 0.469, -0.882
2025-07-17 20:47:04, 0.011, 0.514, -0.858
2025-07-17 20:47:05, 0.034, 0.543, -0.848
2025-07-17 20:47:06, 0.018, 0.536, -0.857
2025-07-17 20:47:07, 0.017, 0.502, -0.872
2025-07-17 20:47:08, -0.021, 0.493, -0.893
2025-07-17 20:47:09, -0.002, 0.495, -0.882
2025-07-17 20:47:10, -0.003, 0.513, -0.866
2025-07-17 20:47:11, 0.009, 0.503, -0.868
2025-07-17 20:47:12, 0.011, 0.513, -0.790
2025-07-17 20:47:13, 0.031, 0.496, -0.907
2025-07-17 20:47:14, -0.487, -0.001, -0.947
2025-07-17 20:47:15, -0.487, 0.535, -0.865
2025-07-17 20:47:16, -0.707, 0.899, -0.491
2025-07-17 20:47:17, 0.072, -0.275, -0.954
2025-07-17 20:47:18, -0.533, 0.146, -0.784
2025-07-17 20:47:19, -0.188, 0.488, -1.078
2025-07-17 20:47:20, -0.459, -0.062, -0.893
2025-07-17 20:47:21, -0.443, -0.007, -0.877
2025-07-17 20:47:22, -0.485, 0.017, -0.881
2025-07-17 20:47:23, -0.426, 0.060, -0.894
2025-07-17 20:47:24, -0.413, 0.100, -0.816
2025-07-17 20:47:25, -0.476, 0.179, -0.902
2025-07-17 20:47:26, -0.494, 0.204, -0.875
2025-07-17 20:47:27, -0.392, -0.034, -0.987
2025-07-17 20:47:28, -0.420, 0.109, -0.909
2025-07-17 20:47:29, -0.430, 0.079, -0.898
2025-07-17 20:47:30, -0.423, 0.079, -0.900
2025-07-17 20:47:31, -0.423, 0.061, -0.903
2025-07-17 20:47:32, -0.442, 0.120, -0.925
2025-07-17 20:47:33, -0.423, 0.052, -0.870
2025-07-17 20:47:34, -0.419, 0.049, -0.899
2025-07-17 20:47:35, -0.420, 0.043, -0.926
2025-07-17 20:47:36, -0.415, 0.024, -0.889
2025-07-17 20:47:37, -0.417, 0.004, -0.915
2025-07-17 20:47:38, -0.421, 0.042, -0.879
2025-07-17 20:47:39, -0.445, 0.094, -0.898
2025-07-17 20:47:40, -0.430, 0.047, -0.930
2025-07-17 20:47:41, -0.397, -0.036, -0.935
2025-07-17 20:47:42, -0.411, -0.056, -0.903
2025-07-17 20:47:43, -0.407, -0.055, -0.910
2025-07-17 20:47:44, -0.361, -0.044, -0.971
2025-07-17 20:47:45, -0.325, -0.214, -0.913
2025-07-17 20:47:46, -0.327, -0.188, -0.900
2025-07-17 20:47:47, -0.329, -0.171, -0.916
2025-07-17 20:47:48, -0.360, -0.194, -0.896
2025-07-17 20:47:49, -0.347, -0.151, -0.906
2025-07-17 20:47:50, -0.349, -0.164, -0.886
2025-07-17 20:47:51, -0.339, -0.172, -0.923
2025-07-17 20:47:52, -0.283, -0.182, -0.940
2025-07-17 20:47:53, -0.274, -0.218, -0.924
2025-07-17 20:47:54, -0.270, -0.221, -0.937
2025-07-17 20:47:55, -0.275, -0.220, -0.926
2025-07-17 20:47:56, -0.274, -0.217, -0.927
2025-07-17 20:47:57, -0.356, -0.086, -0.868
2025-07-17 20:47:58, -0.331, -0.164, -0.930
2025-07-17 20:47:59, -0.312, -0.207, -0.926
2025-07-17 20:48:00, -0.305, -0.207, -0.930
2025-07-17 20:48:01, -0.293, -0.206, -0.930
2025-07-17 20:48:02, -0.289, -0.376, -0.866
2025-07-17 20:48:03, -0.163, -0.271, -0.937
2025-07-17 20:48:04, -0.284, -0.332, -0.922
2025-07-17 20:48:05, -0.322, -0.451, -0.847
2025-07-17 20:48:06, -0.284, -0.235, -0.942
2025-07-17 20:48:07, -0.321, -0.127, -0.956
2025-07-17 20:48:08, -0.292, -0.161, -0.969
2025-07-17 20:48:09, -0.304, -0.194, -0.937
2025-07-17 20:48:10, -0.212, -0.222, -0.950
2025-07-17 20:48:11, -0.191, -0.191, -0.957
2025-07-17 20:48:12, -0.346, -0.181, -0.961
2025-07-17 20:48:13, -0.620, -0.215, -0.757
2025-07-17 20:48:14, -0.630, -0.244, -0.724
2025-07-17 20:48:15, -0.645, -0.233, -0.719
2025-07-17 20:48:16, -0.643, -0.244, -0.707
2025-07-17 20:48:17, -0.634, -0.242, -0.719
2025-07-17 20:48:18, -0.633, -0.250, -0.723
2025-07-17 20:48:19, -0.386, -0.407, -0.720
2025-07-17 20:48:20, -0.195, 0.240, -1.006
2025-07-17 20:48:21, -0.139, 0.803, -0.723
2025-07-17 20:48:22, -0.162, -0.099, -0.972
2025-07-17 20:48:23, -0.389, -0.173, -0.842
2025-07-17 20:48:24, 0.147, -0.300, -0.929
2025-07-17 20:48:25, -0.075, -0.792, 0.611
2025-07-17 20:48:26, -0.029, -0.864, 0.461
2025-07-17 20:48:27, 0.154, -0.976, 0.010
2025-07-17 20:48:28, 0.119, -0.695, -0.827
2025-07-17 20:48:29, -0.122, -0.590, -0.757
2025-07-17 20:48:30, -0.051, -0.625, -0.772
2025-07-17 20:48:31, 0.024, -0.693, -0.725
2025-07-17 20:48:32, 0.015, -0.687, -0.742
2025-07-17 20:48:33, -0.070, -0.446, -1.080
2025-07-17 20:48:34, 0.329, -0.571, -0.712
2025-07-17 20:48:35, 0.064, -0.615, -0.610
2025-07-17 20:48:36, 0.297, -0.324, -0.920
2025-07-17 20:48:37, 0.109, 0.928, -0.727
2025-07-17 20:48:38, 0.353, 0.449, -0.792
2025-07-17 20:48:39, 0.286, 0.415, -0.877
2025-07-17 20:48:40, 0.285, 0.422, -0.876
2025-07-17 20:48:41, 0.292, 0.407, -0.880
2025-07-17 20:48:42, 0.299, 0.402, -0.880
2025-07-17 20:48:43, 0.306, 0.399, -0.876
2025-07-17 20:48:44, 0.301, 0.399, -0.880
2025-07-17 20:48:45, 0.301, 0.397, -0.883
2025-07-17 20:48:46, 0.304, 0.397, -0.882
2025-07-17 20:48:47, 0.303, 0.396, -0.880
2025-07-17 20:48:48, 0.303, 0.393, -0.882
2025-07-17 20:48:49, 0.299, 0.393, -0.883
2025-07-17 20:48:50, 0.296, 0.395, -0.885
2025-07-17 20:48:51, 0.285, 0.426, -0.871
2025-07-17 20:48:52, 0.273, 0.428, -0.872
2025-07-17 20:48:53, 0.264, 0.424, -0.885
2025-07-17 20:48:54, 0.269, 0.433, -0.871
2025-07-17 20:48:55, 0.258, 0.426, -0.875
2025-07-17 20:48:56, 0.261, 0.425, -0.882
2025-07-17 20:48:57, 0.266, 0.424, -0.878
2025-07-17 20:48:58, 0.279, 0.406, -0.884
2025-07-17 20:48:59, 0.282, 0.405, -0.884
2025-07-17 20:49:00, 0.280, 0.411, -0.884
2025-07-17 20:49:01, 0.279, 0.430, -0.876
2025-07-17 20:49:02, 0.271, 0.459, -0.886
2025-07-17 20:49:03, 0.270, 0.444, -0.857
2025-07-17 20:49:04, 0.275, 0.457, -0.864
2025-07-17 20:49:05, 0.268, 0.452, -0.857
2025-07-17 20:49:06, 0.287, 0.395, -0.898
2025-07-17 20:49:07, 0.249, 0.428, -0.893
2025-07-17 20:49:08, 0.273, 0.439, -0.871
2025-07-17 20:49:09, 0.263, 0.449, -0.899
2025-07-17 20:49:10, 0.225, 0.455, -0.853
2025-07-17 20:49:11, 0.248, 0.446, -0.873
2025-07-17 20:49:12, 0.249, 0.445, -0.874
2025-07-17 20:49:13, 0.248, 0.442, -0.875
2025-07-17 20:49:14, 0.249, 0.439, -0.876
2025-07-17 20:49:15, 0.246, 0.440, -0.881
2025-07-17 20:49:16, 0.247, 0.433, -0.884
2025-07-17 20:49:17, 0.253, 0.438, -0.880
2025-07-17 20:49:18, 0.245, 0.434, -0.877
2025-07-17 20:49:19, 0.254, 0.441, -0.884
2025-07-17 20:49:20, 0.251, 0.437, -0.877
2025-07-17 20:49:21, 0.243, 0.439, -0.874
2025-07-17 20:49:22, 0.249, 0.449, -0.862
2025-07-17 20:49:23, 0.249, 0.439, -0.874
2025-07-17 20:49:24, 0.247, 0.456, -0.869
2025-07-17 20:49:25, 0.287, 0.412, -0.888
2025-07-17 20:49:26, 0.283, 0.414, -0.889
2025-07-17 20:49:27, 0.286, 0.406, -0.883
2025-07-17 20:49:28, 0.286, 0.406, -0.889
2025-07-17 20:49:29, 0.276, 0.404, -0.887
2025-07-17 20:49:30, 0.283, 0.413, -0.880
2025-07-17 20:49:31, 0.287, 0.400, -0.874
2025-07-17 20:49:32, 0.287, 0.399, -0.879
2025-07-17 20:49:33, 0.267, 0.414, -0.864
2025-07-17 20:49:34, 0.269, 0.417, -0.880
2025-07-17 20:49:35, 0.270, 0.411, -0.885
2025-07-17 20:49:36, 0.262, 0.383, -0.896
2025-07-17 20:49:37, 0.255, 0.405, -0.890
2025-07-17 20:49:38, 0.261, 0.429, -0.883
2025-07-17 20:49:39, 0.222, 0.443, -0.872
2025-07-17 20:49:40, 0.248, 0.445, -0.875
2025-07-17 20:49:41, 0.233, 0.410, -0.887
2025-07-17 20:49:42, 0.249, 0.406, -0.891
2025-07-17 20:49:43, 0.218, 0.420, -0.883
2025-07-17 20:49:44, 0.227, 0.414, -0.895
2025-07-17 20:49:45, 0.223, 0.432, -0.881
2025-07-17 20:49:46, 0.221, 0.458, -0.864
2025-07-17 20:49:47, 0.240, 0.457, -0.875
2025-07-17 20:49:48, 0.237, 0.422, -0.888
2025-07-17 20:49:49, 0.228, 0.438, -0.876
2025-07-17 20:49:50, 0.232, 0.393, -0.899
2025-07-17 20:49:51, 0.224, 0.413, -0.886
2025-07-17 20:49:52, 0.237, 0.399, -0.900
2025-07-17 20:49:53, 0.204, 0.428, -0.890
2025-07-17 20:49:54, 0.227, 0.423, -0.889
2025-07-17 20:49:55, 0.219, 0.446, -0.879
2025-07-17 20:49:56, 0.254, 0.437, -0.861
2025-07-17 20:49:57, 0.255, 0.388, -0.895
2025-07-17 20:49:58, 0.252, 0.447, -0.872
2025-07-17 20:49:59, 0.251, 0.457, -0.866
2025-07-17 20:50:00, 0.207, 0.440, -0.879
2025-07-17 20:50:01, 0.242, 0.418, -0.908
2025-07-17 20:50:02, 0.232, 0.436, -0.882
2025-07-17 20:50:03, 0.236, 0.446, -0.876
2025-07-17 20:50:04, 0.248, 0.453, -0.885
2025-07-17 20:50:05, 0.225, 0.417, -0.885
2025-07-17 20:50:06, 0.227, 0.459, -0.890
2025-07-17 20:50:07, 0.233, 0.452, -0.871
2025-07-17 20:50:08, 0.240, 0.409, -0.897
2025-07-17 20:50:09, -0.609, -0.798, -0.347
2025-07-17 20:50:10, -0.122, -0.765, -0.700
2025-07-17 20:50:11, -0.135, -0.721, -0.654
2025-07-17 20:50:12, -0.116, -0.772, -0.629
2025-07-17 20:50:13, -0.473, -1.069, 0.243
2025-07-17 20:50:14, -0.213, -0.969, -0.356
2025-07-17 20:50:15, 0.009, -0.980, -0.299
2025-07-17 20:50:16, 0.122, -0.925, -0.445
2025-07-17 20:50:17, 0.055, -0.854, -0.482
2025-07-17 20:50:18, -0.653, -0.879, 0.030
2025-07-17 20:50:19, -0.728, -0.644, 0.068
2025-07-17 20:50:20, -0.701, -0.639, 0.061
2025-07-17 20:50:22, -0.168, -0.950, 0.084
2025-07-17 20:50:23, 0.147, -0.817, 0.028
2025-07-17 20:50:24, -0.298, -0.889, 0.308
2025-07-17 20:50:25, -0.715, -0.720, 0.586
2025-07-17 20:50:26, -0.691, -0.331, 0.571
2025-07-17 20:50:27, -0.736, -0.483, 0.746
2025-07-17 20:50:28, -0.760, 0.107, 0.823
2025-07-17 20:50:29, -0.818, 0.162, 0.545
2025-07-17 20:50:30, -0.666, 0.058, 0.533
2025-07-17 20:50:31, -0.502, 0.317, 0.596
2025-07-17 20:50:32, -0.996, 0.244, 0.830
2025-07-17 20:50:33, -0.828, 0.120, 0.566
2025-07-17 20:50:34, -0.598, 0.066, 0.485
2025-07-17 20:50:35, -1.009, 0.234, 0.611
2025-07-17 20:50:36, -0.900, 0.168, 0.312
2025-07-17 20:50:37, -0.685, 0.128, 0.366
2025-07-17 20:50:38, -0.893, 0.163, 0.436
2025-07-17 20:50:39, -0.774, 0.147, 0.345
2025-07-17 20:50:40, -0.750, 0.334, 0.384
2025-07-17 20:50:41, -0.992, 0.058, 0.492
2025-07-17 20:50:42, -0.835, 0.280, 0.466
2025-07-17 20:50:43, -0.782, 0.311, 0.481
2025-07-17 20:50:44, -0.895, 0.301, 0.505
2025-07-17 20:50:45, -0.852, 0.297, 0.350
2025-07-17 20:50:46, -0.645, 0.303, 0.404
2025-07-17 20:50:47, -0.616, 0.569, 0.394
2025-07-17 20:50:48, -1.038, 0.300, 0.531
2025-07-17 20:50:49, -0.934, 0.278, 0.372
2025-07-17 20:50:50, -0.784, 0.471, 0.136
2025-07-17 20:50:51, -0.580, 0.273, 0.337
2025-07-17 20:50:52, -0.560, 0.689, 0.597
2025-07-17 20:50:53, -0.641, 0.448, 0.566
2025-07-17 20:50:54, -0.973, 0.305, 0.611
2025-07-17 20:50:55, -0.616, 0.469, 0.222
2025-07-17 20:50:56, -0.445, 0.566, 0.267
2025-07-17 20:50:57, -0.543, 0.690, 0.121
2025-07-17 20:50:58, -0.585, 0.870, 0.249
2025-07-17 20:50:59, -0.780, 0.745, 0.053
2025-07-17 20:51:00, -0.701, 0.593, -0.302
2025-07-17 20:51:01, -0.568, 0.524, 0.134
2025-07-17 20:51:02, -0.562, 0.478, 0.619
2025-07-17 20:51:03, -0.484, 0.884, 0.214
2025-07-17 20:51:04, -1.004, 0.658, 0.253
2025-07-17 20:51:05, -0.693, 0.804, 0.275
2025-07-17 20:51:06, -0.579, 0.537, 0.180
2025-07-17 20:51:07, -0.402, 0.530, 0.221
2025-07-17 20:51:08, -0.629, 0.798, 0.134
2025-07-17 20:51:09, -0.562, 1.059, 0.518
2025-07-17 20:51:10, -0.829, 0.737, 0.156
2025-07-17 20:51:11, -0.686, 0.613, 0.371
2025-07-17 20:51:12, -0.633, 0.517, 0.066
2025-07-17 20:51:13, -0.650, 0.478, 0.332
2025-07-17 20:51:14, -0.381, 0.792, 0.320
2025-07-17 20:51:15, -0.941, 0.651, 0.209
2025-07-17 20:51:16, -0.717, 0.746, 0.214
2025-07-17 20:51:17, -0.364, 0.542, 0.109
2025-07-17 20:51:18, -0.532, 0.997, -0.090
2025-07-17 20:51:19, -0.286, 0.818, 0.190
2025-07-17 20:51:20, -0.847, 0.720, 0.147
2025-07-17 20:51:21, -0.825, 0.807, 0.214
2025-07-17 20:51:22, -0.558, 0.421, 0.120
2025-07-17 20:51:23, -0.605, 0.466, 0.342
2025-07-17 20:51:24, -0.445, 0.735, 0.345
2025-07-17 20:51:25, -1.117, 1.028, 0.378
2025-07-17 20:51:26, -0.795, 0.714, 0.246
2025-07-17 20:51:27, -0.739, 0.740, 0.161
2025-07-17 20:51:28, -0.490, 0.528, 0.122
2025-07-17 20:51:29, -0.654, 0.581, 0.129
2025-07-17 20:51:30, -0.440, 0.737, 0.062
2025-07-17 20:51:31, -0.936, 1.065, 0.006
2025-07-17 20:51:32, -0.840, 0.735, 0.115
2025-07-17 20:51:33, -0.815, 0.777, 0.071
2025-07-17 20:51:34, -0.610, 0.460, 0.070
2025-07-17 20:51:35, -0.473, 0.574, 0.401
2025-07-17 20:51:36, -0.702, 0.793, 0.132
2025-07-17 20:51:37, -0.829, 0.714, 0.136
2025-07-17 20:51:38, -0.816, 0.705, 0.112
2025-07-17 20:51:39, -0.518, 0.500, 0.171
2025-07-17 20:51:40, -0.599, 0.657, 0.116
2025-07-17 20:51:41, -0.470, 0.576, 0.175
2025-07-17 20:51:42, -0.931, 0.963, 0.064
2025-07-17 20:51:43, -0.817, 0.748, 0.095
2025-07-17 20:51:44, -0.793, 0.738, 0.033
2025-07-17 20:51:45, -0.632, 0.500, -0.017
2025-07-17 20:51:46, -0.542, 0.566, 0.242
2025-07-17 20:51:47, -0.558, 0.484, 0.183
2025-07-17 20:51:48, -0.524, 0.613, 0.391
2025-07-17 20:51:49, -0.789, 0.738, 0.165
2025-07-17 20:51:50, -1.041, 0.655, 0.097
2025-07-17 20:51:51, -0.794, 0.710, 0.471
2025-07-17 20:51:52, -0.697, 0.504, 0.460
2025-07-17 20:51:53, -0.447, 0.317, 0.453
2025-07-17 20:51:54, -0.719, 0.445, 0.502
2025-07-17 20:51:55, -0.376, 1.010, -0.119
2025-07-17 20:51:56, -0.931, 0.648, 0.678
2025-07-17 20:51:57, -0.841, 0.770, 0.343
2025-07-17 20:51:58, -0.718, 0.776, -0.104
2025-07-17 20:51:59, -0.620, 0.469, 0.260
2025-07-17 20:52:00, -0.527, 0.314, 0.541
2025-07-17 20:52:01, -0.443, 0.233, 0.677
2025-07-17 20:52:02, -0.696, 0.320, 0.649
2025-07-17 20:52:03, -0.816, 0.459, 0.733
2025-07-17 20:52:04, -0.730, 0.621, 0.586
2025-07-17 20:52:05, -0.643, 0.440, 0.572
2025-07-17 20:52:06, -0.446, 0.400, 0.322
2025-07-17 20:52:07, -0.409, 0.438, 0.480
2025-07-17 20:52:08, -0.602, 0.495, 0.568
2025-07-17 20:52:09, -0.605, 0.372, 0.408
2025-07-17 20:52:10, -0.666, 0.251, 0.625
2025-07-17 20:52:11, -0.794, 0.244, 0.415
2025-07-17 20:52:12, -0.790, 0.443, 0.652
2025-07-17 20:52:13, -0.794, 0.521, 0.578
2025-07-17 20:52:14, -0.749, 0.305, 0.340
2025-07-17 20:52:15, -0.549, 0.223, 0.487
2025-07-17 20:52:16, -0.521, 0.222, 0.555
2025-07-17 20:52:17, -0.615, 0.233, 0.649
2025-07-17 20:52:18, -0.593, 0.216, 0.674
2025-07-17 20:52:19, -0.900, -0.240, 1.184
2025-07-17 20:52:20, -0.081, -1.212, 0.409
2025-07-17 20:52:21, -0.275, -0.739, 0.468
2025-07-17 20:52:22, -0.131, -0.919, 0.137
2025-07-17 20:52:23, -0.115, -0.684, 0.803
2025-07-17 20:52:24, -0.362, -0.187, 0.722
2025-07-17 20:52:25, -0.255, -0.160, 0.928
2025-07-17 20:52:26, -0.282, -0.337, 0.914
2025-07-17 20:52:27, -0.252, -0.269, 0.897
2025-07-17 20:52:28, -0.256, -0.274, 0.904
2025-07-17 20:52:29, -0.300, -0.256, 0.913
2025-07-17 20:52:30, -0.279, -0.253, 0.980
2025-07-17 20:52:31, -0.284, -0.519, 0.452
2025-07-17 20:52:32, -0.036, -1.306, 0.936
2025-07-17 20:52:33, -0.005, -0.821, 0.379
2025-07-17 20:52:34, 0.078, -1.099, 0.335
2025-07-17 20:52:35, -0.093, -0.817, 0.354
2025-07-17 20:52:36, -0.209, -0.688, 0.939
2025-07-17 20:52:37, -0.189, -0.779, 0.825
2025-07-17 20:52:38, -0.142, -0.737, 0.777
2025-07-17 20:52:39, -0.126, -0.573, 0.645
2025-07-17 20:52:40, -0.091, -0.572, 0.709
2025-07-17 20:52:41, -0.066, -0.768, 0.808
2025-07-17 20:52:42, -0.167, -0.797, 0.752
2025-07-17 20:52:43, -0.194, -0.574, 0.560
2025-07-17 20:52:44, -0.188, -0.641, 0.658
2025-07-17 20:52:45, -0.215, -0.922, 0.720
2025-07-17 20:52:46, -0.156, -0.743, 0.604
2025-07-17 20:52:47, -0.091, -0.592, 0.568
2025-07-17 20:52:48, -0.197, -0.643, 0.790
2025-07-17 20:52:49, -0.176, -0.920, 0.711
2025-07-17 20:52:50, -0.190, -0.574, 0.606
2025-07-17 20:52:51, -0.224, -0.521, 0.626
2025-07-17 20:52:52, -0.312, -0.652, 0.737
2025-07-17 20:52:53, -0.180, -0.825, 0.719
2025-07-17 20:52:54, -0.159, -0.717, 0.691
2025-07-17 20:52:55, -0.165, -0.671, 0.570
2025-07-17 20:52:56, -0.055, -0.556, 0.774
2025-07-17 20:52:57, -0.250, -0.683, 0.748
2025-07-17 20:52:58, -0.183, -0.731, 0.801
2025-07-17 20:52:59, -0.169, -0.490, 0.565
2025-07-17 20:53:00, -0.129, -0.528, 0.705
2025-07-17 20:53:01, -0.106, -0.703, 0.728
2025-07-17 20:53:02, 0.013, -0.550, 0.810
2025-07-17 20:53:03, -0.138, -0.596, 0.610
2025-07-17 20:53:04, -0.070, -0.585, 0.693
2025-07-17 20:53:05, -0.115, -0.883, 0.811
2025-07-17 20:53:06, -0.223, -0.587, 0.613
2025-07-17 20:53:07, -0.303, -0.655, 0.696
2025-07-17 20:53:08, -0.028, -0.679, 0.745
2025-07-17 20:53:09, 0.050, -0.678, 0.782
2025-07-17 20:53:10, -0.128, -0.587, 0.824
2025-07-17 20:53:11, -0.200, -0.541, 0.882
2025-07-17 20:53:12, -0.104, -0.479, 0.783
2025-07-17 20:53:13, -0.149, -0.522, 0.802
2025-07-17 20:53:14, -0.167, -0.524, 0.794
2025-07-17 20:53:15, -0.187, -0.432, 0.877
2025-07-17 20:53:16, -0.183, -0.462, 0.858
2025-07-17 20:53:17, -0.187, -0.464, 0.863
2025-07-17 20:53:18, -0.186, -0.463, 0.857
2025-07-17 20:53:19, -0.776, 0.401, 0.357
2025-07-17 20:53:20, 0.270, -0.627, 0.372
2025-07-17 20:53:21, 0.067, -0.649, 0.786
2025-07-17 20:53:22, -0.007, -0.316, 0.949
2025-07-17 20:53:23, -0.256, 0.232, 0.909
2025-07-17 20:53:24, 0.053, -0.088, 1.130
2025-07-17 20:53:25, -0.130, -0.701, 0.598
2025-07-17 20:53:26, 0.317, -0.898, -0.195
2025-07-17 20:53:27, 0.275, -0.917, -0.340
2025-07-17 20:53:28, -0.094, -0.783, 0.734
2025-07-17 20:53:29, 0.135, -0.973, 0.351
2025-07-17 20:53:30, -0.101, 0.051, 0.601
2025-07-17 20:53:31, 0.409, -0.509, 0.258
2025-07-17 20:53:32, -0.049, -0.227, 0.946
2025-07-17 20:53:33, 0.545, -0.840, 0.248
2025-07-17 20:53:34, -0.358, -0.170, 1.011
2025-07-17 20:53:35, 0.304, -0.960, -0.299
2025-07-17 20:53:36, 0.533, -1.189, 0.642
2025-07-17 20:53:37, 0.314, -1.041, 0.144
2025-07-17 20:53:38, 0.450, -0.865, 0.045
2025-07-17 20:53:39, 0.522, -0.842, -0.356
2025-07-17 20:53:40, 0.173, -0.942, 0.417
2025-07-17 20:53:41, 0.273, -1.232, 0.024
2025-07-17 20:53:42, 0.290, -1.032, -0.088
2025-07-17 20:53:43, 0.155, -0.691, 0.721
2025-07-17 20:53:44, 0.259, -0.773, 0.571
2025-07-17 20:53:45, 0.185, -0.833, 0.568
2025-07-17 20:53:46, 0.002, -0.744, 0.658
2025-07-17 20:53:47, 0.002, -0.744, 0.660
2025-07-17 20:53:48, 0.293, -0.729, 0.571
2025-07-17 20:53:49, 0.415, -0.667, 0.714
2025-07-17 20:53:50, 0.150, -0.434, 0.932
2025-07-17 20:53:51, -0.203, -0.159, 1.035
2025-07-17 20:53:52, 0.537, -0.833, -0.062
2025-07-17 20:53:53, 0.373, -0.976, -0.033
2025-07-17 20:53:54, 0.296, -0.389, 1.036
2025-07-17 20:53:55, 0.068, -0.646, 0.836
2025-07-17 20:53:56, 0.020, -0.264, 0.994
2025-07-17 20:53:57, 0.072, -0.340, 0.828
2025-07-17 20:53:58, 0.031, -0.377, 0.923
2025-07-17 20:53:59, 0.014, -0.656, 0.619
2025-07-17 20:54:00, -0.014, -0.657, 0.702
2025-07-17 20:54:01, 0.416, -0.803, 0.420
2025-07-17 20:54:02, 0.339, -0.846, 0.404
2025-07-17 20:54:03, 0.398, -0.937, 0.534
2025-07-17 20:54:04, 0.322, -0.846, 0.401
2025-07-17 20:54:05, 0.305, -0.873, 0.410
2025-07-17 20:54:06, 0.320, -0.877, 0.382
2025-07-17 20:54:07, -0.435, 0.132, 0.769
2025-07-17 20:54:08, 0.306, -0.739, 0.603
2025-07-17 20:54:09, -0.067, -0.392, 1.110
2025-07-17 20:54:10, -0.456, 0.030, 0.748
2025-07-17 20:54:11, -0.277, 0.025, 0.903
2025-07-17 20:54:12, -0.421, 0.281, 0.865
2025-07-17 20:54:13, 0.220, -0.635, 0.892
2025-07-17 20:54:14, 0.270, -0.778, 1.311
2025-07-17 20:54:15, 0.083, -0.403, 0.887
2025-07-17 20:54:16, 0.255, -0.717, 0.546
2025-07-17 20:54:17, 0.089, -0.732, 0.657
2025-07-17 20:54:18, 0.189, -0.682, 0.760
2025-07-17 20:54:19, 0.125, -0.753, 0.675
2025-07-17 20:54:20, 0.192, -0.727, 0.587
2025-07-17 20:54:21, 0.080, -0.761, 0.518
2025-07-17 20:54:22, -0.034, -0.737, 0.623
2025-07-17 20:54:23, 0.070, -0.781, 0.688
2025-07-17 20:54:24, 0.074, -0.800, 0.564
2025-07-17 20:54:25, 0.444, -1.031, 0.286
2025-07-17 20:54:26, -0.739, -0.259, 0.268
2025-07-17 20:54:27, -0.619, -0.077, -0.127
2025-07-17 20:54:28, -0.889, -0.817, 0.118
2025-07-17 20:54:29, -0.866, -0.995, -0.051
2025-07-17 20:54:30, -0.698, -1.035, 0.055
2025-07-17 20:54:31, -0.968, -0.524, -0.097
2025-07-17 20:54:32, -0.877, -0.574, -0.400
2025-07-17 20:54:33, -0.643, -0.269, -0.036
2025-07-17 20:54:34, -0.840, -0.239, -0.024
2025-07-17 20:54:35, -0.825, -0.562, -0.182
2025-07-17 20:54:36, -0.727, -0.919, -0.089
2025-07-17 20:54:37, -0.671, -0.875, 0.010
2025-07-17 20:54:38, -1.066, -0.892, -0.111
2025-07-17 20:54:39, -0.823, -0.753, -0.000
2025-07-17 20:54:40, -0.530, -0.581, 0.340
2025-07-17 20:54:41, -0.696, -0.773, -0.110
2025-07-17 20:54:42, -0.940, -0.834, -0.280
2025-07-17 20:54:43, -0.879, -0.596, 0.212
2025-07-17 20:54:44, -0.718, -0.700, -0.266
2025-07-17 20:54:45, -0.573, -0.618, -0.113
2025-07-17 20:54:46, -0.374, -0.282, 0.193
2025-07-17 20:54:47, -0.220, -0.800, 0.603
2025-07-17 20:54:48, -0.186, -2.068, 0.016
2025-07-17 20:54:49, -0.492, -1.243, -0.078
2025-07-17 20:54:50, -0.585, -0.997, 0.235
2025-07-17 20:54:51, -0.259, -1.072, -0.029
2025-07-17 20:54:52, -0.293, -0.841, -0.420
2025-07-17 20:54:53, -0.256, -0.893, -0.059
2025-07-17 20:54:54, -0.312, -0.927, -0.308
2025-07-17 20:54:55, -0.193, -0.819, -0.244
2025-07-17 20:54:56, -0.355, -0.641, -0.178
2025-07-17 20:54:57, -0.639, -0.510, -0.141
2025-07-17 20:54:58, -0.572, -1.164, 0.037
2025-07-17 20:54:59, -0.583, -0.745, -0.349
2025-07-17 20:55:00, -0.510, -0.988, -0.101
2025-07-17 20:55:01, -0.535, -1.006, -0.262
2025-07-17 20:55:02, -0.517, -0.504, 0.031
2025-07-17 20:55:03, -0.357, -0.593, -0.122
2025-07-17 20:55:04, -0.380, -0.545, -0.105
2025-07-17 20:55:05, -0.264, -0.862, 0.202
2025-07-17 20:55:06, -0.602, -1.358, 0.300
2025-07-17 20:55:07, -0.733, -0.933, 0.154
2025-07-17 20:55:08, -0.607, -1.024, 0.012
2025-07-17 20:55:09, -0.541, -0.915, -0.014
2025-07-17 20:55:10, -0.372, -0.713, -0.083
2025-07-17 20:55:11, -0.568, -0.287, -0.000
2025-07-17 20:55:12, -0.593, -0.956, 0.351
2025-07-17 20:55:13, -0.928, -0.690, -0.196
2025-07-17 20:55:14, -0.467, -1.011, -0.039
2025-07-17 20:55:15, -0.268, -0.890, -0.353
2025-07-17 20:55:16, -0.282, -0.654, 0.111
2025-07-17 20:55:17, -0.182, -0.735, -0.395
2025-07-17 20:55:18, 0.020, -0.518, 0.068
2025-07-17 20:55:19, -0.080, -1.853, -0.089
2025-07-17 20:55:20, -0.303, -1.245, -0.070
2025-07-17 20:55:21, -0.394, -1.000, -0.058
2025-07-17 20:55:22, -0.287, -1.199, -0.122
2025-07-17 20:55:23, -0.473, -0.574, -0.021
2025-07-17 20:55:24, -0.380, -0.625, -0.238
2025-07-17 20:55:25, -0.308, -0.919, 0.348
2025-07-17 20:55:26, -0.252, -0.948, 0.079
2025-07-17 20:55:27, -0.252, -0.338, 0.058
2025-07-17 20:55:28, -0.498, -0.426, 0.197
2025-07-17 20:55:29, -0.537, -1.248, 0.013
2025-07-17 20:55:30, -0.594, -0.686, -0.356
2025-07-17 20:55:31, -0.825, -1.447, 0.276
2025-07-17 20:55:32, -0.703, -0.872, 0.062
2025-07-17 20:55:33, -0.601, -1.127, 0.014
2025-07-17 20:55:34, -0.469, -1.372, -0.158
2025-07-17 20:55:35, -0.380, -0.879, -0.320
2025-07-17 20:55:36, -0.350, -0.473, -0.155
2025-07-17 20:55:37, -0.352, -0.783, -0.029
2025-07-17 20:55:38, -0.346, -0.868, -0.001
2025-07-17 20:55:39, -0.389, -0.025, 0.592
2025-07-17 20:55:40, -0.265, -0.315, 0.562
2025-07-17 20:55:41, -0.272, -0.939, 0.772
2025-07-17 20:55:42, -0.468, -1.498, -0.104
2025-07-17 20:55:43, -0.713, -1.278, -0.507
2025-07-17 20:55:44, -0.777, -0.515, -0.004
2025-07-17 20:55:45, -0.449, -0.911, -0.151
2025-07-17 20:55:46, -0.421, -1.149, 0.015
2025-07-17 20:55:47, -0.425, -0.732, -0.097
2025-07-17 20:55:48, -0.450, -0.563, -0.205
2025-07-17 20:55:49, -0.242, -0.922, -0.202
2025-07-17 20:55:50, -0.046, -0.888, -0.103
2025-07-17 20:55:51, 0.088, -0.726, 0.120
2025-07-17 20:55:52, -0.144, -0.638, 0.026
2025-07-17 20:55:53, -0.366, -0.938, 0.066
2025-07-17 20:55:54, -0.072, -1.720, 0.256
2025-07-17 20:55:55, -0.384, -1.348, -0.437
2025-07-17 20:55:56, -0.814, -0.602, -0.128
2025-07-17 20:55:57, -0.551, -1.090, 0.129
2025-07-17 20:55:58, -0.284, -1.147, 0.162
2025-07-17 20:55:59, -0.341, -1.052, -0.220
2025-07-17 20:56:00, -0.342, -0.783, -0.188
2025-07-17 20:56:01, -0.282, -0.802, -0.011
2025-07-17 20:56:02, -0.335, -0.824, -0.244
2025-07-17 20:56:03, -0.308, -0.435, -0.156
2025-07-17 20:56:04, -0.215, -0.325, 0.283
2025-07-17 20:56:05, -0.176, -1.132, 0.238
2025-07-17 20:56:06, -0.212, -1.771, -0.412
2025-07-17 20:56:07, -0.528, -0.334, 0.413
2025-07-17 20:56:08, -0.699, -0.957, 0.095
2025-07-17 20:56:09, -0.478, -0.973, -0.181
2025-07-17 20:56:10, -0.557, -1.023, -0.200
2025-07-17 20:56:11, -0.584, -0.900, -0.156
2025-07-17 20:56:12, -0.480, -0.625, -0.239
2025-07-17 20:56:13, -0.189, -0.798, -0.412
2025-07-17 20:56:14, -0.066, -0.967, -0.226
2025-07-17 20:56:15, -0.197, -0.826, 0.020
2025-07-17 20:56:16, -0.253, -0.310, 0.142
2025-07-17 20:56:17, -0.311, -1.015, 0.137
2025-07-17 20:56:18, -0.427, -1.037, -0.273
2025-07-17 20:56:19, -0.383, -1.038, -0.204
2025-07-17 20:56:20, -0.422, -1.064, 0.516
2025-07-17 20:56:21, -0.305, -1.481, -0.130
2025-07-17 20:56:22, -0.385, -0.749, -0.282
2025-07-17 20:56:23, -0.368, -0.717, -0.041
2025-07-17 20:56:24, -0.323, -0.833, -0.038
2025-07-17 20:56:25, -0.302, -0.644, -0.061
2025-07-17 20:56:26, -0.054, -0.787, 0.241
2025-07-17 20:56:27, -0.241, -1.437, -0.066
2025-07-17 20:56:28, -0.448, -1.055, -0.211
2025-07-17 20:56:29, -0.596, -0.999, 0.252
2025-07-17 20:56:30, -0.319, -1.311, 0.057
2025-07-17 20:56:31, -0.310, -1.280, -0.251
2025-07-17 20:56:32, -0.472, -0.547, 0.203
2025-07-17 20:56:33, -0.387, -0.825, 0.126
2025-07-17 20:56:34, -0.439, -0.981, 0.023
2025-07-17 20:56:35, -0.213, -0.773, 0.323
2025-07-17 20:56:36, -0.571, -1.339, 0.395
2025-07-17 20:56:37, -0.600, -0.901, -0.055
2025-07-17 20:56:38, -0.597, -0.786, 0.208
2025-07-17 20:56:39, -0.428, -1.051, 0.329
2025-07-17 20:56:40, -0.404, -0.872, -0.317
2025-07-17 20:56:41, -0.410, -0.596, 0.085
2025-07-17 20:56:42, -0.279, -0.710, 0.121
2025-07-17 20:56:43, -0.172, -0.085, -0.054
2025-07-17 20:56:44, -0.136, -0.400, 0.303
2025-07-17 20:56:45, -0.257, -1.742, -0.280
2025-07-17 20:56:46, -0.284, -1.261, 0.081
2025-07-17 20:56:47, -0.213, -1.250, 0.007
2025-07-17 20:56:48, -0.149, -1.103, 0.062
2025-07-17 20:56:49, -0.222, -0.841, 0.039
2025-07-17 20:56:50, -0.175, -0.705, 0.008
2025-07-17 20:56:51, -0.074, -0.848, 0.071
2025-07-17 20:56:52, -0.220, -0.431, 0.005
2025-07-17 20:56:53, -0.328, -0.682, 0.012
2025-07-17 20:56:54, 0.107, -1.140, -0.324
2025-07-17 20:56:55, -0.615, -0.991, 0.421
2025-07-17 20:56:56, -0.348, -1.116, 0.055
2025-07-17 20:56:57, -0.260, -1.192, -0.575
2025-07-17 20:56:58, -0.269, -0.757, -0.175
2025-07-17 20:56:59, -0.282, -0.796, -0.120
2025-07-17 20:57:00, -0.135, -1.113, 0.246
2025-07-17 20:57:01, -0.141, -0.794, 0.125
2025-07-17 20:57:02, -0.178, -0.362, 0.300
2025-07-17 20:57:03, -0.069, -0.709, 0.317
2025-07-17 20:57:04, 0.162, -1.757, -0.249
2025-07-17 20:57:05, 0.129, -1.286, -0.606
2025-07-17 20:57:06, -0.503, -1.010, -0.162
2025-07-17 20:57:07, 0.041, -1.208, 0.106
2025-07-17 20:57:08, -0.066, -1.274, -0.266
2025-07-17 20:57:09, -0.201, -0.605, -0.035
2025-07-17 20:57:10, -0.308, -0.882, 0.003
2025-07-17 20:57:11, -0.245, -0.529, -0.061
2025-07-17 20:57:12, -0.054, -1.010, 0.062
2025-07-17 20:57:13, -0.231, -0.731, 0.043
2025-07-17 20:57:14, -0.252, -0.936, -0.052
2025-07-17 20:57:15, -0.139, -1.237, -0.203
2025-07-17 20:57:16, -0.400, -0.301, -0.147
2025-07-17 20:57:17, -0.254, -0.767, 0.107
2025-07-17 20:57:18, -0.093, -1.414, 0.021
2025-07-17 20:57:19, 0.266, -1.226, -0.024
2025-07-17 20:57:20, -0.511, -1.241, 0.086
2025-07-17 20:57:21, 0.049, -1.493, -0.182
2025-07-17 20:57:22, -0.007, -1.230, -0.364
2025-07-17 20:57:23, -0.235, -0.797, -0.327
2025-07-17 20:57:24, -0.198, -0.750, 0.120
2025-07-17 20:57:25, -0.192, -0.640, -0.270
2025-07-17 20:57:26, -0.066, -0.432, -0.233
2025-07-17 20:57:27, -0.094, -0.402, -0.398
2025-07-17 20:57:28, 0.163, -0.693, 0.100
2025-07-17 20:57:29, 0.208, -0.424, -0.364
2025-07-17 20:57:30, 0.204, -0.783, 0.032
2025-07-17 20:57:31, 0.597, -1.436, -0.123
2025-07-17 20:57:32, 0.771, -0.964, 0.630
2025-07-17 20:57:33, 0.061, -1.224, 0.507
2025-07-17 20:57:34, 0.205, -1.005, 0.639
2025-07-17 20:57:35, 0.113, -0.948, 0.490
2025-07-17 20:57:36, 0.168, -0.854, 0.593
2025-07-17 20:57:37, 0.113, -0.652, 0.536
2025-07-17 20:57:38, 0.097, -0.472, 0.560
2025-07-17 20:57:39, 0.053, -0.492, 0.576
2025-07-17 20:57:40, 0.088, -0.472, 0.578
2025-07-17 20:57:41, 0.117, -0.520, 0.737
2025-07-17 20:57:42, 0.242, -0.499, 0.993
2025-07-17 20:57:43, 0.254, -0.526, 0.860
2025-07-17 20:57:44, 0.226, -0.797, 1.159
2025-07-17 20:57:45, 0.037, -0.881, 0.838
2025-07-17 20:57:46, -0.003, -0.825, 0.903
2025-07-17 20:57:47, 0.091, -0.798, 0.911
2025-07-17 20:57:48, 0.301, -0.735, 0.780
2025-07-17 20:57:49, 0.167, -0.691, 0.602
2025-07-17 20:57:50, -0.158, -0.556, 0.507
2025-07-17 20:57:51, 0.057, -0.454, 0.466
2025-07-17 20:57:52, 0.214, -0.508, 0.575
2025-07-17 20:57:53, 0.369, -0.678, 0.742
2025-07-17 20:57:54, 0.172, -0.515, 0.752
2025-07-17 20:57:55, 0.120, -1.076, 0.916
2025-07-17 20:57:56, 0.026, -0.881, 0.773
2025-07-17 20:57:57, 0.076, -0.813, 0.728
2025-07-17 20:57:58, 0.098, -0.742, 0.642
2025-07-17 20:57:59, 0.162, -0.648, 0.494
2025-07-17 20:58:00, -0.025, -0.688, 0.779
2025-07-17 20:58:01, 0.091, -0.695, 0.802
2025-07-17 20:58:02, 0.078, -0.708, 0.642
2025-07-17 20:58:03, 0.081, -0.615, 0.640
2025-07-17 20:58:04, 0.063, -0.498, 0.642
2025-07-17 20:58:05, 0.142, -0.994, 0.825
2025-07-17 20:58:06, 0.246, -0.941, 0.933
2025-07-17 20:58:07, 0.096, -0.604, 0.593
2025-07-17 20:58:08, 0.136, -0.600, 0.711
2025-07-17 20:58:09, 0.233, -0.624, 0.953
2025-07-17 20:58:10, 0.221, -0.573, 0.913
2025-07-17 20:58:11, -0.069, -0.581, 0.503
2025-07-17 20:58:12, 0.159, -0.449, 0.679
2025-07-17 20:58:13, 0.149, -0.464, 0.650
2025-07-17 20:58:14, 0.169, -0.679, 0.642
2025-07-17 20:58:15, 0.197, -0.664, 0.826
2025-07-17 20:58:16, 0.210, -0.696, 0.760
2025-07-17 20:58:17, 0.310, -0.710, 0.847
2025-07-17 20:58:18, 0.103, -0.704, 0.747
2025-07-17 20:58:19, 0.244, -0.667, 0.827
2025-07-17 20:58:20, 0.082, -0.677, 0.737
2025-07-17 20:58:21, 0.187, -0.896, 1.139
2025-07-17 20:58:22, 0.260, -0.948, 0.823
2025-07-17 20:58:23, 0.278, -0.784, 0.859
2025-07-17 20:58:24, 0.206, -0.833, 0.796
2025-07-17 20:58:25, -0.058, -1.165, -0.007
2025-07-17 20:58:26, -0.247, -0.624, 0.200
2025-07-17 20:58:27, -0.396, -0.906, 0.343
2025-07-17 20:58:28, -0.249, -0.773, 0.117
2025-07-17 20:58:29, -0.190, -0.808, 0.443
2025-07-17 20:58:30, 0.039, -0.785, 0.474
2025-07-17 20:58:31, 0.164, -0.674, 0.645
2025-07-17 20:58:32, 0.153, -0.421, 0.703
2025-07-17 20:58:33, 0.137, -0.474, 0.831
2025-07-17 20:58:34, 0.094, -0.648, 0.898
2025-07-17 20:58:35, 0.115, -0.353, 0.943
2025-07-17 20:58:36, 0.211, -0.594, 1.118
2025-07-17 20:58:37, 0.212, -0.658, 0.880
2025-07-17 20:58:38, 0.193, -0.574, 0.680
2025-07-17 20:58:39, 0.109, -0.517, 0.521
2025-07-17 20:58:40, 0.203, -0.521, 0.596
2025-07-17 20:58:41, 0.265, -0.564, 0.798
2025-07-17 20:58:42, 0.313, -0.411, 0.982
2025-07-17 20:58:43, 0.252, -0.704, 1.035
2025-07-17 20:58:44, 0.130, -0.566, 0.619
2025-07-17 20:58:45, 0.276, -0.490, 0.637
2025-07-17 20:58:46, 0.140, -0.353, 0.644
2025-07-17 20:58:47, 0.107, -0.462, 0.767
2025-07-17 20:58:49, 0.270, -0.513, 1.045
2025-07-17 20:58:50, 0.197, -0.419, 0.977
2025-07-17 20:58:51, 0.313, -0.142, 0.916
2025-07-17 20:58:52, 0.186, -0.690, 0.864
2025-07-17 20:58:53, 0.126, -0.495, 1.035
2025-07-17 20:58:54, 0.289, -0.641, 0.786
2025-07-17 20:58:55, 0.111, -0.358, 0.586
2025-07-17 20:58:56, 0.419, -0.547, 0.838
2025-07-17 20:58:57, 0.201, -0.842, 1.010
2025-07-17 20:58:58, 0.124, -0.759, 0.732
2025-07-17 20:58:59, 0.116, -0.570, 0.672
2025-07-17 20:59:00, 0.301, -0.618, 0.723
2025-07-17 20:59:01, 0.157, -0.613, 0.785
2025-07-17 20:59:02, 0.212, -0.617, 0.862
2025-07-17 20:59:03, 0.222, -0.432, 0.605
2025-07-17 20:59:04, 0.275, -0.481, 0.788
2025-07-17 20:59:05, 0.254, -0.773, 0.896
2025-07-17 20:59:06, 0.189, -0.733, 0.830
2025-07-17 20:59:07, 0.200, -0.470, 0.637
2025-07-17 20:59:08, 0.117, -0.441, 0.638
2025-07-17 20:59:09, 0.228, -0.385, 0.914
2025-07-17 20:59:10, 0.140, -0.354, 0.879
2025-07-17 20:59:11, 0.175, -0.915, 0.951
2025-07-17 20:59:12, 0.219, -0.686, 1.023
2025-07-17 20:59:13, 0.237, -0.747, 0.824
2025-07-17 20:59:14, -0.006, -0.454, 0.597
2025-07-17 20:59:15, 0.158, -0.567, 0.481
2025-07-17 20:59:16, 0.426, -0.397, 0.897
2025-07-17 20:59:17, 0.242, -0.560, 0.949
2025-07-17 20:59:18, 0.326, -0.288, 0.939
2025-07-17 20:59:19, 0.337, -0.518, 0.678
2025-07-17 20:59:20, 0.211, -0.596, 0.810
2025-07-17 20:59:21, 0.139, -0.477, 0.585
2025-07-17 20:59:22, 0.488, -0.507, 0.833
2025-07-17 20:59:23, 0.372, -0.685, 0.992
2025-07-17 20:59:24, 0.181, -0.679, 0.725
2025-07-17 20:59:25, 0.288, -0.584, 0.584
2025-07-17 20:59:26, 0.264, -0.532, 0.787
2025-07-17 20:59:27, 0.124, -0.432, 0.941
2025-07-17 20:59:28, 0.090, -0.703, 0.669
2025-07-17 20:59:29, 0.167, -0.604, 0.711
2025-07-17 20:59:30, 0.160, -0.617, 0.709
2025-07-17 20:59:31, 0.118, -0.612, 0.761
2025-07-17 20:59:32, 0.099, -0.353, 0.782
2025-07-17 20:59:33, 0.140, -0.579, 0.801
2025-07-17 20:59:34, 0.118, -0.487, 0.727
2025-07-17 20:59:35, 0.103, -0.645, 0.765
2025-07-17 20:59:36, 0.099, -0.636, 0.767
2025-07-17 20:59:37, 0.099, -0.652, 0.755
2025-07-17 20:59:38, 0.106, -0.638, 0.766
2025-07-17 20:59:39, 0.107, -0.638, 0.762
2025-07-17 20:59:40, 0.100, -0.641, 0.763
2025-07-17 20:59:41, 0.400, -1.536, 0.462
2025-07-17 20:59:42, -0.592, -0.365, 0.241
2025-07-17 20:59:43, -0.292, -0.705, -0.294
2025-07-17 20:59:44, -0.142, -0.607, -0.539
2025-07-17 20:59:45, -0.656, -0.587, -0.135
2025-07-17 20:59:46, -0.679, -0.682, 0.444
2025-07-17 20:59:47, -0.282, -0.986, 0.339
2025-07-17 20:59:48, -0.509, -0.803, 0.361
2025-07-17 20:59:49, -0.099, -0.995, 0.199
2025-07-17 20:59:50, -0.202, -0.608, 0.362
2025-07-17 20:59:51, -0.050, -1.126, 0.526
2025-07-17 20:59:52, -0.169, -0.830, 0.291
2025-07-17 20:59:53, -0.226, -0.899, 0.407
2025-07-17 20:59:54, -0.245, -0.876, 0.376
2025-07-17 20:59:55, -0.243, -0.881, 0.363
2025-07-17 20:59:56, -0.224, -0.843, 0.329
2025-07-17 20:59:57, -0.025, -0.805, 0.869
2025-07-17 20:59:58, 0.189, -0.881, 0.496
2025-07-17 20:59:59, -0.206, -0.461, 0.692
2025-07-17 21:00:00, 0.084, -0.733, 0.677
2025-07-17 21:00:01, 0.087, -0.737, 0.669
2025-07-17 21:00:02, 0.085, -0.745, 0.660
2025-07-17 21:00:03, 0.085, -0.745, 0.662
2025-07-17 21:00:04, 0.088, -0.742, 0.662
2025-07-17 21:00:05, 0.089, -0.741, 0.659
2025-07-17 21:00:06, 0.088, -0.742, 0.656
2025-07-17 21:00:07, 0.091, -0.736, 0.665
2025-07-17 21:00:08, 0.087, -0.746, 0.658
2025-07-17 21:00:09, 0.096, -0.810, 0.646
2025-07-17 21:00:10, -0.661, -0.117, 0.616
2025-07-17 21:00:11, -0.862, -0.008, 0.554
2025-07-17 21:00:12, -0.849, -0.036, 0.484
2025-07-17 21:00:13, -0.872, 0.238, 0.350
2025-07-17 21:00:14, -0.895, 0.205, 0.299
2025-07-17 21:00:15, -0.901, 0.210, 0.331
2025-07-17 21:00:16, -0.940, 0.421, 0.066
2025-07-17 21:00:17, -0.917, 0.285, 0.176
2025-07-17 21:00:18, -0.905, 0.344, 0.082
2025-07-17 21:00:19, -0.911, 0.385, 0.148
2025-07-17 21:00:20, -0.907, 0.381, 0.134
2025-07-17 21:00:21, -0.763, -0.303, 0.578
2025-07-17 21:00:22, -0.506, -0.881, 0.837
2025-07-17 21:00:23, -0.876, -0.311, 0.495
2025-07-17 21:00:24, -0.682, -0.598, 0.026
2025-07-17 21:00:25, -0.404, -0.868, -0.092
2025-07-17 21:00:26, -0.532, -0.650, 0.009
2025-07-17 21:00:27, -0.452, -0.906, 0.116
2025-07-17 21:00:28, -0.578, -0.815, 0.238
2025-07-17 21:00:29, -0.524, -0.930, 0.168
2025-07-17 21:00:30, -0.532, -0.866, 0.153
2025-07-17 21:00:31, -0.567, -0.805, 0.239
2025-07-17 21:00:32, -0.590, -0.784, 0.022
2025-07-17 21:00:33, -0.504, -0.747, 0.101
2025-07-17 21:00:34, -0.564, -0.774, 0.086
2025-07-17 21:00:35, -0.570, -0.777, 0.138
2025-07-17 21:00:36, -0.553, -0.798, 0.140
2025-07-17 21:00:37, -0.552, -0.798, 0.124
2025-07-17 21:00:38, -0.523, -0.792, 0.155
2025-07-17 21:00:39, -0.390, -0.794, 0.309
2025-07-17 21:00:40, -0.641, -0.786, 0.234
2025-07-17 21:00:41, -0.898, -0.589, 0.913
2025-07-17 21:00:42, -0.507, -0.808, 0.221
2025-07-17 21:00:43, -0.323, -0.848, 0.260
2025-07-17 21:00:44, -0.286, -1.061, 0.383
2025-07-17 21:00:45, -0.263, -0.927, 0.246
2025-07-17 21:00:46, -0.281, -0.917, 0.251
2025-07-17 21:00:47, -0.455, -1.119, 0.286
2025-07-17 21:00:48, -0.715, -0.533, 0.076
2025-07-17 21:00:49, -0.536, -0.737, -0.051
2025-07-17 21:00:50, -0.772, -0.657, 0.237
2025-07-17 21:00:51, -0.386, -0.993, 0.292
2025-07-17 21:00:52, -0.877, 0.159, 0.434
2025-07-17 21:00:53, -0.676, -1.226, 0.345
2025-07-17 21:00:54, -0.838, -0.448, 0.337
2025-07-17 21:00:55, -0.919, 0.042, 0.346
2025-07-17 21:00:56, -0.882, -0.149, 0.326
2025-07-17 21:00:57, -0.743, 0.088, -0.009
2025-07-17 21:00:58, -0.642, -0.874, -0.231
2025-07-17 21:00:59, -0.136, 0.103, -1.046
2025-07-17 21:01:00, -0.978, -0.321, 0.296
2025-07-17 21:01:01, -0.101, -0.522, -0.154
2025-07-17 21:01:02, -0.007, -0.460, -2.070
2025-07-17 21:01:03, -0.202, -0.600, -0.996
2025-07-17 21:01:04, -0.596, -0.570, 0.467
2025-07-17 21:01:05, -0.228, 0.770, -1.938
2025-07-17 21:01:06, 0.016, 0.165, -2.135
2025-07-17 21:01:07, -0.683, -0.703, 0.042
2025-07-17 21:01:08, -0.689, -0.110, -0.565
2025-07-17 21:01:09, 0.066, -0.357, -0.611
2025-07-17 21:01:10, 0.019, -0.789, -0.751
2025-07-17 21:01:11, 1.134, -0.418, -2.155
2025-07-17 21:01:12, -0.007, -0.650, -0.721
2025-07-17 21:01:13, -0.149, -0.753, -0.484
2025-07-17 21:01:14, -0.265, -0.879, -0.652
2025-07-17 21:01:15, -0.283, -0.763, -0.862
2025-07-17 21:01:16, -0.404, -0.385, -0.705
2025-07-17 21:01:17, -0.502, -0.382, -0.743
2025-07-17 21:01:18, -0.511, -0.417, -0.720
2025-07-17 21:01:19, -0.517, -0.444, -0.700
2025-07-17 21:01:20, -0.518, -0.450, -0.706
2025-07-17 21:01:21, -0.521, -0.473, -0.700
2025-07-17 21:01:22, -0.520, -0.468, -0.696
2025-07-17 21:01:23, -0.525, -0.469, -0.694
2025-07-17 21:01:24, -0.184, 1.036, -2.076
2025-07-17 21:01:25, -0.918, -0.580, -0.404
2025-07-17 21:01:26, -0.750, -0.526, -0.000
2025-07-17 21:01:27, -0.813, -0.497, -0.186
2025-07-17 21:01:28, -0.784, -0.431, -0.258
2025-07-17 21:01:29, -0.804, -0.557, -0.135
2025-07-17 21:01:30, -0.788, -0.603, -0.167
2025-07-17 21:01:31, -0.776, -0.469, -0.240
2025-07-17 21:01:32, -0.790, -0.626, -0.128
2025-07-17 21:01:33, -0.740, -0.933, 0.217
2025-07-17 21:01:34, -0.458, 0.223, -0.948
2025-07-17 21:01:35, -0.660, -0.696, -0.319
2025-07-17 21:01:36, -0.638, -0.697, -0.292
2025-07-17 21:01:37, -0.637, -0.670, -0.296
2025-07-17 21:01:38, -0.635, -0.683, -0.308
2025-07-17 21:01:39, -0.629, -0.694, -0.331
2025-07-17 21:01:40, -0.646, -0.715, -0.281
2025-07-17 21:01:41, -0.641, -0.707, -0.318
2025-07-17 21:01:42, -0.636, -0.676, -0.347
2025-07-17 21:01:43, -0.636, -0.663, -0.349
2025-07-17 21:01:44, -0.641, -0.663, -0.341
2025-07-17 21:01:45, -0.641, -0.672, -0.326
2025-07-17 21:01:46, -0.639, -0.661, -0.351
2025-07-17 21:01:47, -0.642, -0.654, -0.343
2025-07-17 21:01:48, -0.640, -0.662, -0.325
2025-07-17 21:01:49, -0.648, -0.638, -0.376
2025-07-17 21:01:50, -0.489, -0.192, -0.315
2025-07-17 21:01:51, -0.475, -0.583, -0.753
2025-07-17 21:01:52, -0.517, -0.483, -0.772
2025-07-17 21:01:53, -0.414, -0.496, -0.738
2025-07-17 21:01:54, -0.659, -0.190, -0.721
2025-07-17 21:01:55, -0.661, -0.162, -0.720
2025-07-17 21:01:56, -0.488, -0.130, -0.754
2025-07-17 21:01:57, -0.788, -0.079, -0.705
2025-07-17 21:01:58, -0.621, -0.262, -0.595
2025-07-17 21:01:59, -0.775, -0.497, -0.362
2025-07-17 21:02:00, -0.834, -0.451, -0.277
2025-07-17 21:02:01, -1.049, 0.213, -0.074
2025-07-17 21:02:02, -0.956, 0.172, -0.105
2025-07-17 21:02:03, -0.974, 0.019, -0.148
2025-07-17 21:02:04, -0.969, 0.020, -0.155
2025-07-17 21:02:05, -0.997, 0.029, -0.138
2025-07-17 21:02:06, -0.925, -0.122, -0.201
2025-07-17 21:02:07, -0.918, -0.200, -0.250
2025-07-17 21:02:08, -0.933, -0.204, -0.231
2025-07-17 21:02:09, -0.922, -0.210, -0.241
2025-07-17 21:02:10, -0.937, -0.201, -0.230
2025-07-17 21:02:11, -0.928, -0.215, -0.231
2025-07-17 21:02:12, -0.919, -0.216, -0.234
2025-07-17 21:02:13, -0.922, -0.215, -0.236
2025-07-17 21:02:14, -0.920, -0.246, -0.229
2025-07-17 21:02:15, -0.924, -0.212, -0.229
2025-07-17 21:02:16, -0.936, -0.199, -0.223
2025-07-17 21:02:17, -0.932, -0.205, -0.217
2025-07-17 21:02:18, -1.347, -0.043, -0.449
2025-07-17 21:02:19, -0.891, 0.639, -0.147
2025-07-17 21:02:20, -1.038, 0.602, -0.158
2025-07-17 21:02:21, -0.913, 0.569, 0.193
2025-07-17 21:02:22, -0.140, -0.352, -0.153
2025-07-17 21:02:23, -1.781, -0.038, -1.249
2025-07-17 21:02:24, -0.719, -0.381, -0.890
2025-07-17 21:02:25, -0.815, -0.051, 0.281
2025-07-17 21:02:26, -0.964, -0.354, -0.281
2025-07-17 21:02:27, -0.802, 0.049, -0.431
2025-07-17 21:02:28, -0.686, 0.561, -0.969
2025-07-17 21:02:29, -0.109, -0.846, -0.292
2025-07-17 21:02:30, 0.059, -0.412, -0.994
2025-07-17 21:02:31, 0.167, 0.155, -0.951
2025-07-17 21:02:32, 0.215, 0.208, -0.973
2025-07-17 21:02:33, 0.176, 0.278, -0.965
2025-07-17 21:02:34, 0.141, 0.289, -0.953
2025-07-17 21:02:35, 0.141, 0.319, -0.950
2025-07-17 21:02:36, 0.140, 0.320, -0.946
2025-07-17 21:02:37, 0.144, 0.324, -0.944
2025-07-17 21:02:38, 0.128, 0.329, -0.931
2025-07-17 21:02:39, 0.139, 0.330, -0.946
2025-07-17 21:02:40, 0.139, 0.331, -0.950
2025-07-17 21:02:41, 0.136, 0.332, -0.946
2025-07-17 21:02:42, 0.139, 0.328, -0.950
2025-07-17 21:02:43, 0.139, 0.332, -0.942
2025-07-17 21:02:44, 0.137, 0.332, -0.944
2025-07-17 21:02:45, 0.141, 0.333, -0.941
2025-07-17 21:02:46, 0.170, 0.217, -0.950
2025-07-17 21:02:47, 0.084, 0.439, -0.907
2025-07-17 21:02:48, 0.069, 0.446, -0.913
